Order ID,Date,Product,Category,Branch,City,Quantity,Unit Price,Cost,Revenue
ORD1000,2023-04-13,Tablet,Accessories,BR01,Salzburg,1,748,538.56,748
ORD1001,2023-12-15,Tablet,Accessories,BR01,Salzburg,3,1149,2068.2,3447
ORD1002,2023-09-28,Laptop,Electronics,BR02,Wien,3,1250,2325.0,3750
ORD1003,2023-04-17,Keyboard,Electronics,BR02,München,4,876,2207.52,3504
ORD1004,2023-03-13,Smartphone,Electronics,BR01,Salzburg,4,398,1018.88,1592
ORD1005,2023-07-08,Smartphone,Electronics,BR02,München,3,1328,2748.9599999999996,3984
ORD1006,2023-01-21,Monitor,Accessories,BR01,München,4,357,1071.0,1428
ORD1007,2023-04-13,Mouse,Accessories,BR01,München,3,1418,3318.12,4254
ORD1008,2023-05-02,Smartphone,Electronics,BR01,Salzburg,1,1200,924.0,1200
ORD1009,2023-08-03,Headphones,Accessories,BR01,München,1,336,215.04,336
ORD1010,2023-11-27,Smartphone,Electronics,BR01,Salzburg,2,815,1124.6999999999998,1630
ORD1011,2023-03-29,Monitor,Accessories,BR01,München,1,774,495.36,774
ORD1012,2023-04-10,Smartphone,Electronics,BR01,Salzburg,3,811,1581.45,2433
ORD1013,2023-12-26,Headphones,Accessories,BR02,München,4,432,1209.6,1728
ORD1014,2023-06-01,Laptop,Electronics,BR01,Wien,2,1479,1804.3799999999999,2958
ORD1015,2023-05-11,Mouse,Electronics,BR01,München,4,437,1118.72,1748
ORD1016,2023-05-30,Monitor,Accessories,BR02,München,3,574,1360.38,1722
ORD1017,2023-11-05,Laptop,Electronics,BR02,Salzburg,1,688,474.71999999999997,688
ORD1018,2023-09-15,Laptop,Accessories,BR02,Salzburg,2,987,1362.06,1974
ORD1019,2023-12-10,Laptop,Accessories,BR01,München,3,325,585.0,975
ORD1020,2023-10-21,Tablet,Electronics,BR03,Wien,2,549,713.7,1098
ORD1021,2023-07-11,Mouse,Accessories,BR03,Wien,2,766,1179.64,1532
ORD1022,2023-10-04,Keyboard,Accessories,BR02,Salzburg,1,386,243.18,386
ORD1023,2023-06-10,Mouse,Accessories,BR03,Wien,3,981,2001.2400000000002,2943
ORD1024,2023-11-10,Tablet,Accessories,BR02,München,4,530,1272.0,2120
ORD1025,2023-01-22,Keyboard,Accessories,BR01,Salzburg,2,960,1344.0,1920
ORD1026,2023-09-10,Mouse,Electronics,BR03,München,2,1346,1615.2,2692
ORD1027,2023-08-24,Laptop,Accessories,BR01,Salzburg,4,1131,3438.2400000000002,4524
ORD1028,2023-12-11,Monitor,Accessories,BR03,Salzburg,3,1401,3194.28,4203
ORD1029,2023-02-18,Keyboard,Accessories,BR01,Salzburg,2,158,240.16,316
ORD1030,2023-02-28,Headphones,Accessories,BR03,Salzburg,2,1352,1784.64,2704
ORD1031,2023-06-19,Headphones,Accessories,BR01,Wien,2,377,580.58,754
ORD1032,2023-07-07,Smartphone,Electronics,BR01,München,3,364,775.3199999999999,1092
ORD1033,2023-09-28,Keyboard,Accessories,BR03,München,3,1184,2379.84,3552
ORD1034,2023-07-09,Monitor,Electronics,BR01,München,4,748,2184.16,2992
ORD1035,2023-06-24,Tablet,Electronics,BR01,Salzburg,3,830,1494.0,2490
ORD1036,2023-02-20,Laptop,Electronics,BR01,Wien,3,1302,2460.78,3906
ORD1037,2023-12-30,Smartphone,Electronics,BR03,München,1,205,153.75,205
ORD1038,2023-02-24,Headphones,Accessories,BR03,Wien,4,1345,3497.0,5380
ORD1039,2023-09-01,Tablet,Electronics,BR01,Salzburg,2,936,1347.84,1872
ORD1040,2023-11-16,Tablet,Electronics,BR01,München,3,1075,2193.0,3225
ORD1041,2023-05-11,Laptop,Accessories,BR03,Wien,2,807,1242.78,1614
ORD1042,2023-11-03,Keyboard,Accessories,BR03,Salzburg,2,771,1218.18,1542
ORD1043,2023-05-15,Headphones,Accessories,BR01,Wien,1,962,750.36,962
ORD1044,2023-01-21,Monitor,Electronics,BR01,München,3,1359,2650.05,4077
ORD1045,2023-11-25,Tablet,Accessories,BR01,München,4,920,2355.2000000000003,3680
ORD1046,2023-06-16,Laptop,Accessories,BR02,Salzburg,3,62,128.34,186
ORD1047,2023-10-01,Monitor,Electronics,BR03,Salzburg,2,657,788.4,1314
ORD1048,2023-03-30,Keyboard,Accessories,BR02,Salzburg,4,547,1334.68,2188
ORD1049,2023-11-12,Headphones,Accessories,BR03,Wien,3,287,611.31,861
ORD1050,2023-01-14,Keyboard,Accessories,BR03,Wien,2,1167,1633.8,2334
ORD1051,2023-08-30,Tablet,Accessories,BR03,Wien,2,1411,2257.6,2822
ORD1052,2023-09-22,Monitor,Electronics,BR03,Salzburg,1,830,531.2,830
ORD1053,2023-12-12,Monitor,Accessories,BR03,München,1,1244,808.6,1244
ORD1054,2023-02-22,Monitor,Accessories,BR03,München,1,655,406.1,655
ORD1055,2023-12-06,Tablet,Electronics,BR03,Wien,2,710,1107.6000000000001,1420
ORD1056,2023-04-02,Tablet,Accessories,BR02,Wien,3,898,2047.44,2694
ORD1057,2023-09-21,Keyboard,Electronics,BR01,München,1,985,748.6,985
ORD1058,2023-02-04,Smartphone,Accessories,BR01,München,3,677,1584.18,2031
ORD1059,2023-07-25,Keyboard,Electronics,BR02,Wien,1,192,134.39999999999998,192
ORD1060,2023-03-22,Headphones,Electronics,BR02,Wien,4,1274,3516.24,5096
ORD1061,2023-02-19,Laptop,Electronics,BR02,München,4,1253,3358.0400000000004,5012
ORD1062,2023-12-26,Monitor,Electronics,BR02,Salzburg,1,763,549.36,763
ORD1063,2023-01-02,Smartphone,Accessories,BR03,Wien,2,1437,1983.06,2874
ORD1064,2023-02-23,Laptop,Electronics,BR01,München,1,528,364.32,528
ORD1065,2023-04-16,Smartphone,Accessories,BR03,München,1,614,485.06,614
ORD1066,2023-09-17,Mouse,Electronics,BR01,München,2,520,832.0,1040
ORD1067,2023-11-06,Keyboard,Electronics,BR01,München,4,433,1316.32,1732
ORD1068,2023-07-10,Tablet,Electronics,BR02,Salzburg,3,975,2193.75,2925
ORD1069,2023-08-06,Monitor,Accessories,BR03,München,1,466,344.84,466
ORD1070,2023-02-13,Keyboard,Electronics,BR02,Wien,2,357,449.82,714
ORD1071,2023-06-11,Laptop,Accessories,BR03,Salzburg,1,698,425.78,698
ORD1072,2023-07-21,Mouse,Accessories,BR01,München,2,1440,2131.2,2880
ORD1073,2023-09-27,Mouse,Accessories,BR02,Salzburg,3,1074,2416.5,3222
ORD1074,2023-12-17,Mouse,Accessories,BR02,Wien,3,1117,2044.11,3351
ORD1075,2023-10-31,Laptop,Accessories,BR01,München,4,788,2490.08,3152
ORD1076,2023-09-28,Laptop,Accessories,BR01,Wien,2,1171,1452.04,2342
ORD1077,2023-08-03,Laptop,Accessories,BR01,München,2,1338,1766.16,2676
ORD1078,2023-09-09,Laptop,Accessories,BR02,München,4,189,551.88,756
ORD1079,2023-07-09,Mouse,Accessories,BR03,München,4,1310,3301.2,5240
ORD1080,2023-10-23,Mouse,Electronics,BR02,München,2,1023,1248.06,2046
ORD1081,2023-08-01,Smartphone,Electronics,BR03,München,4,1066,2856.88,4264
ORD1082,2023-07-27,Keyboard,Electronics,BR02,Salzburg,3,1002,2254.5,3006
ORD1083,2023-08-25,Monitor,Electronics,BR02,München,1,953,648.0400000000001,953
ORD1084,2023-12-04,Tablet,Electronics,BR01,München,3,121,264.99,363
ORD1085,2023-02-22,Mouse,Accessories,BR03,Salzburg,4,1263,3637.44,5052
ORD1086,2023-10-07,Tablet,Accessories,BR02,Salzburg,2,1341,1609.2,2682
ORD1087,2023-08-05,Keyboard,Accessories,BR02,Salzburg,2,1394,2230.4,2788
ORD1088,2023-09-09,Keyboard,Accessories,BR01,Salzburg,3,156,285.48,468
ORD1089,2023-07-07,Tablet,Accessories,BR01,Salzburg,2,1305,2061.9,2610
ORD1090,2023-02-10,Mouse,Accessories,BR03,Salzburg,4,1115,3166.6,4460
ORD1091,2023-06-06,Tablet,Accessories,BR02,München,3,932,2208.84,2796
ORD1092,2023-01-15,Smartphone,Electronics,BR03,München,2,188,233.12,376
ORD1093,2023-10-28,Headphones,Electronics,BR02,Wien,1,664,464.79999999999995,664
ORD1094,2023-03-06,Mouse,Electronics,BR03,München,1,912,574.5600000000001,912
ORD1095,2023-12-11,Mouse,Electronics,BR01,München,4,322,785.68,1288
ORD1096,2023-11-23,Monitor,Accessories,BR02,Salzburg,2,465,669.6,930
ORD1097,2023-01-09,Laptop,Accessories,BR03,Salzburg,4,555,1420.8,2220
ORD1098,2023-12-10,Headphones,Accessories,BR01,München,3,782,1689.12,2346
ORD1099,2023-05-09,Keyboard,Electronics,BR01,Wien,1,473,293.26,473
ORD1100,2023-05-16,Mouse,Accessories,BR03,Salzburg,3,1480,2974.8,4440
ORD1101,2023-03-04,Tablet,Accessories,BR02,München,2,439,667.28,878
ORD1102,2023-05-19,Headphones,Accessories,BR02,München,4,391,1079.1599999999999,1564
ORD1103,2023-03-22,Monitor,Electronics,BR01,Wien,4,995,2905.4,3980
ORD1104,2023-06-12,Keyboard,Accessories,BR02,Wien,4,663,1935.96,2652
ORD1105,2023-10-16,Laptop,Electronics,BR02,Salzburg,3,542,1252.02,1626
ORD1106,2023-09-18,Laptop,Electronics,BR02,Wien,1,241,159.06,241
ORD1107,2023-08-19,Monitor,Electronics,BR01,München,3,548,1216.56,1644
ORD1108,2023-02-10,Monitor,Electronics,BR03,München,3,871,2064.27,2613
ORD1109,2023-01-28,Tablet,Accessories,BR02,Wien,2,1306,1959.0,2612
ORD1110,2023-05-15,Mouse,Electronics,BR01,Wien,2,276,386.4,552
ORD1111,2023-07-20,Laptop,Electronics,BR01,Wien,2,1444,2108.24,2888
ORD1112,2023-11-24,Keyboard,Accessories,BR03,Wien,1,188,141.0,188
ORD1113,2023-09-25,Headphones,Accessories,BR02,Salzburg,1,905,651.6,905
ORD1114,2023-02-02,Keyboard,Electronics,BR02,Wien,2,866,1039.2,1732
ORD1115,2023-02-17,Smartphone,Accessories,BR03,Salzburg,2,1222,1564.16,2444
ORD1116,2023-03-03,Smartphone,Electronics,BR03,München,1,1188,902.88,1188
ORD1117,2023-08-04,Monitor,Electronics,BR01,Wien,4,1136,2953.6,4544
ORD1118,2023-10-20,Tablet,Electronics,BR01,Salzburg,1,153,114.75,153
ORD1119,2023-04-09,Smartphone,Electronics,BR03,Wien,1,920,616.4000000000001,920
ORD1120,2023-06-21,Laptop,Accessories,BR02,München,1,717,501.9,717
ORD1121,2023-12-26,Keyboard,Electronics,BR01,München,2,322,392.84,644
ORD1122,2023-08-02,Keyboard,Accessories,BR01,München,4,1079,2762.2400000000002,4316
ORD1123,2023-02-04,Monitor,Accessories,BR02,Wien,1,1220,963.8000000000001,1220
ORD1124,2023-08-15,Mouse,Accessories,BR01,Wien,2,233,363.48,466
ORD1125,2023-04-11,Mouse,Accessories,BR02,Salzburg,3,1101,2411.19,3303
ORD1126,2023-05-11,Headphones,Electronics,BR02,München,3,1192,2467.4399999999996,3576
ORD1127,2023-09-14,Monitor,Accessories,BR02,Wien,1,342,253.07999999999998,342
ORD1128,2023-01-05,Headphones,Electronics,BR03,München,3,1444,3119.04,4332
ORD1129,2023-08-06,Mouse,Accessories,BR03,München,4,1317,3740.2799999999997,5268
ORD1130,2023-09-12,Monitor,Accessories,BR03,Salzburg,3,1291,2362.5299999999997,3873
ORD1131,2023-12-25,Monitor,Electronics,BR02,Salzburg,3,226,494.94,678
ORD1132,2023-10-10,Monitor,Electronics,BR02,Salzburg,4,1372,4116.0,5488
ORD1133,2023-07-26,Mouse,Electronics,BR03,Salzburg,1,107,85.60000000000001,107
ORD1134,2023-01-15,Headphones,Accessories,BR01,München,1,1342,805.1999999999999,1342
ORD1135,2023-12-12,Headphones,Accessories,BR02,Salzburg,4,357,1071.0,1428
ORD1136,2023-02-11,Monitor,Electronics,BR01,Salzburg,4,1361,3865.24,5444
ORD1137,2023-06-28,Smartphone,Electronics,BR01,Salzburg,4,1026,2831.7599999999998,4104
ORD1138,2023-03-04,Tablet,Electronics,BR02,Salzburg,3,1178,2226.42,3534
ORD1139,2023-12-18,Mouse,Electronics,BR02,München,4,1301,3538.7200000000003,5204
ORD1140,2023-08-19,Tablet,Accessories,BR01,Salzburg,2,1320,1768.8000000000002,2640
ORD1141,2023-08-29,Tablet,Electronics,BR01,München,3,749,1483.02,2247
ORD1142,2023-02-21,Headphones,Electronics,BR03,Wien,1,132,99.0,132
ORD1143,2023-04-06,Headphones,Electronics,BR03,München,1,1259,931.66,1259
ORD1144,2023-08-10,Smartphone,Electronics,BR02,München,1,301,216.72,301
ORD1145,2023-08-19,Tablet,Accessories,BR03,Salzburg,3,1428,3384.36,4284
ORD1146,2023-08-25,Tablet,Electronics,BR03,Wien,2,845,1132.3,1690
ORD1147,2023-05-23,Monitor,Accessories,BR03,Wien,4,946,2459.6,3784
ORD1148,2023-06-20,Headphones,Electronics,BR03,Wien,4,259,756.28,1036
ORD1149,2023-01-29,Tablet,Electronics,BR01,Wien,1,865,553.6,865
ORD1150,2023-02-05,Keyboard,Accessories,BR02,München,1,658,434.28000000000003,658
ORD1151,2023-01-13,Smartphone,Electronics,BR03,Wien,3,496,952.32,1488
ORD1152,2023-06-09,Keyboard,Accessories,BR01,München,2,509,620.98,1018
ORD1153,2023-11-23,Keyboard,Accessories,BR01,München,4,1017,3132.36,4068
ORD1154,2023-07-06,Mouse,Electronics,BR01,München,3,521,1015.95,1563
ORD1155,2023-08-31,Mouse,Accessories,BR03,Wien,4,419,1156.4399999999998,1676
ORD1156,2023-03-27,Smartphone,Accessories,BR03,Salzburg,1,949,578.89,949
ORD1157,2023-10-11,Keyboard,Accessories,BR02,Salzburg,4,972,2877.12,3888
ORD1158,2023-03-07,Tablet,Accessories,BR03,Wien,2,186,249.24,372
ORD1159,2023-06-19,Headphones,Accessories,BR03,Salzburg,2,416,624.0,832
ORD1160,2023-02-14,Smartphone,Accessories,BR01,Salzburg,1,961,653.48,961
ORD1161,2023-03-03,Monitor,Accessories,BR02,München,2,233,298.24,466
ORD1162,2023-05-14,Keyboard,Accessories,BR03,München,2,1360,1903.9999999999998,2720
ORD1163,2023-10-11,Smartphone,Electronics,BR03,Wien,3,521,984.69,1563
ORD1164,2023-01-28,Laptop,Electronics,BR01,Wien,4,1448,3996.4799999999996,5792
ORD1165,2023-04-18,Laptop,Accessories,BR01,Salzburg,1,703,463.98,703
ORD1166,2023-02-13,Mouse,Electronics,BR03,München,1,798,622.44,798
ORD1167,2023-12-06,Headphones,Accessories,BR02,Wien,1,586,357.46,586
ORD1168,2023-10-13,Tablet,Accessories,BR02,Wien,1,851,629.74,851
ORD1169,2023-11-27,Headphones,Electronics,BR01,Wien,1,1323,846.72,1323
ORD1170,2023-05-08,Headphones,Accessories,BR01,Wien,2,969,1279.0800000000002,1938
ORD1171,2023-12-14,Headphones,Accessories,BR03,Wien,3,559,1140.3600000000001,1677
ORD1172,2023-08-19,Headphones,Accessories,BR01,Wien,1,679,529.62,679
ORD1173,2023-07-09,Monitor,Accessories,BR03,Salzburg,3,1051,2049.4500000000003,3153
ORD1174,2023-08-13,Monitor,Electronics,BR02,München,3,1146,2131.56,3438
ORD1175,2023-10-10,Mouse,Accessories,BR02,München,2,1355,1788.6000000000001,2710
ORD1176,2023-05-01,Smartphone,Accessories,BR03,Wien,1,965,598.3,965
ORD1177,2023-04-26,Laptop,Accessories,BR01,München,2,1433,1805.58,2866
ORD1178,2023-08-21,Headphones,Electronics,BR02,München,1,1083,768.93,1083
ORD1179,2023-09-16,Mouse,Accessories,BR01,München,2,1284,1566.48,2568
ORD1180,2023-12-25,Smartphone,Electronics,BR02,Wien,3,201,367.83,603
ORD1181,2023-07-17,Laptop,Electronics,BR03,Wien,1,1078,797.72,1078
ORD1182,2023-05-17,Keyboard,Accessories,BR03,München,4,1268,3398.2400000000002,5072
ORD1183,2023-11-14,Tablet,Accessories,BR03,München,3,1356,2562.84,4068
ORD1184,2023-06-14,Monitor,Electronics,BR02,Wien,4,513,1333.8,2052
ORD1185,2023-08-13,Keyboard,Accessories,BR01,Salzburg,3,1186,2597.34,3558
ORD1186,2023-11-03,Laptop,Electronics,BR01,München,2,320,422.40000000000003,640
ORD1187,2023-08-22,Keyboard,Electronics,BR01,Salzburg,1,1236,865.1999999999999,1236
ORD1188,2023-06-21,Tablet,Accessories,BR02,München,3,509,946.74,1527
ORD1189,2023-06-01,Mouse,Accessories,BR02,Salzburg,2,154,221.76,308
ORD1190,2023-11-11,Laptop,Electronics,BR02,Salzburg,1,1355,894.3000000000001,1355
ORD1191,2023-06-09,Keyboard,Electronics,BR02,Salzburg,1,211,154.03,211
ORD1192,2023-04-06,Monitor,Electronics,BR02,Wien,3,400,912.0,1200
ORD1193,2023-08-21,Monitor,Electronics,BR01,Salzburg,1,483,347.76,483
ORD1194,2023-06-29,Smartphone,Accessories,BR02,Salzburg,3,901,1783.98,2703
ORD1195,2023-04-23,Keyboard,Accessories,BR02,Salzburg,1,189,122.85000000000001,189
ORD1196,2023-11-14,Headphones,Accessories,BR01,München,4,1205,3229.4,4820
ORD1197,2023-02-21,Keyboard,Accessories,BR02,Salzburg,2,136,171.36,272
ORD1198,2023-09-25,Mouse,Accessories,BR01,München,4,232,593.92,928
ORD1199,2023-10-22,Laptop,Electronics,BR01,Salzburg,3,417,950.76,1251
ORD1200,2023-04-23,Laptop,Accessories,BR03,Salzburg,4,178,484.16,712
ORD1201,2023-04-11,Mouse,Accessories,BR03,Wien,3,1319,2730.33,3957
ORD1202,2023-04-23,Keyboard,Accessories,BR03,München,1,719,517.68,719
ORD1203,2023-03-22,Mouse,Accessories,BR03,Salzburg,1,1451,1044.72,1451
ORD1204,2023-07-06,Tablet,Accessories,BR02,München,3,198,362.34,594
ORD1205,2023-04-23,Mouse,Electronics,BR03,München,4,1034,3184.7200000000003,4136
ORD1206,2023-01-02,Monitor,Electronics,BR01,Wien,1,901,576.64,901
ORD1207,2023-05-10,Mouse,Electronics,BR02,Wien,2,677,1001.96,1354
ORD1208,2023-08-08,Laptop,Accessories,BR03,Wien,1,495,371.25,495
ORD1209,2023-02-23,Monitor,Electronics,BR01,Wien,2,933,1380.84,1866
ORD1210,2023-12-09,Laptop,Electronics,BR02,Wien,4,343,987.8399999999999,1372
ORD1211,2023-08-12,Smartphone,Accessories,BR02,Wien,2,1216,1459.2,2432
ORD1212,2023-08-13,Headphones,Accessories,BR03,Wien,2,299,400.66,598
ORD1213,2023-05-06,Laptop,Accessories,BR02,Wien,2,927,1334.8799999999999,1854
ORD1214,2023-05-10,Monitor,Electronics,BR01,Salzburg,2,997,1355.92,1994
ORD1215,2023-02-22,Smartphone,Electronics,BR02,München,1,1024,788.48,1024
ORD1216,2023-06-21,Laptop,Accessories,BR01,Wien,2,1375,1815.0,2750
ORD1217,2023-08-06,Tablet,Accessories,BR02,Wien,1,1098,724.6800000000001,1098
ORD1218,2023-06-09,Mouse,Electronics,BR03,München,2,838,1089.4,1676
ORD1219,2023-07-17,Headphones,Electronics,BR01,Salzburg,3,1033,2076.33,3099
ORD1220,2023-09-04,Laptop,Accessories,BR02,München,4,938,2663.92,3752
ORD1221,2023-11-20,Smartphone,Accessories,BR02,München,2,939,1389.72,1878
ORD1222,2023-07-22,Tablet,Electronics,BR02,Wien,3,119,260.61,357
ORD1223,2023-07-03,Keyboard,Accessories,BR01,München,2,674,1024.48,1348
ORD1224,2023-05-03,Smartphone,Electronics,BR01,München,2,924,1441.44,1848
ORD1225,2023-09-12,Mouse,Electronics,BR01,Wien,2,1185,1801.2,2370
ORD1226,2023-10-21,Smartphone,Electronics,BR03,Wien,3,1437,2586.6,4311
ORD1227,2023-10-07,Tablet,Electronics,BR03,Wien,4,1376,4128.0,5504
ORD1228,2023-11-21,Smartphone,Accessories,BR01,Wien,3,520,998.4,1560
ORD1229,2023-04-08,Tablet,Accessories,BR02,München,4,140,352.8,560
ORD1230,2023-07-17,Laptop,Electronics,BR03,München,2,579,845.34,1158
ORD1231,2023-08-28,Tablet,Electronics,BR01,Salzburg,1,710,468.6,710
ORD1232,2023-05-24,Tablet,Electronics,BR02,Salzburg,2,788,961.36,1576
ORD1233,2023-04-07,Headphones,Electronics,BR03,München,4,775,1953.0,3100
ORD1234,2023-07-20,Tablet,Electronics,BR02,Salzburg,3,921,1657.8,2763
ORD1235,2023-05-04,Tablet,Accessories,BR02,München,2,241,375.96000000000004,482
ORD1236,2023-07-06,Keyboard,Accessories,BR02,Salzburg,3,1315,2367.0,3945
ORD1237,2023-11-22,Laptop,Accessories,BR02,Wien,3,187,359.04,561
ORD1238,2023-12-15,Mouse,Accessories,BR03,Salzburg,3,394,803.7600000000001,1182
ORD1239,2023-09-16,Headphones,Electronics,BR03,Wien,2,1253,1679.0200000000002,2506
ORD1240,2023-05-28,Keyboard,Electronics,BR03,Wien,3,1058,2475.7200000000003,3174
ORD1241,2023-09-09,Monitor,Electronics,BR01,Wien,3,552,1010.16,1656
ORD1242,2023-12-12,Laptop,Electronics,BR03,Wien,2,252,352.79999999999995,504
ORD1243,2023-05-27,Laptop,Electronics,BR02,Salzburg,3,622,1380.84,1866
ORD1244,2023-05-28,Monitor,Accessories,BR03,München,2,241,380.78000000000003,482
ORD1245,2023-12-18,Mouse,Electronics,BR02,Wien,4,54,155.51999999999998,216
ORD1246,2023-07-18,Tablet,Accessories,BR01,Salzburg,4,1310,3982.4,5240
ORD1247,2023-11-04,Keyboard,Accessories,BR02,Wien,4,360,892.8,1440
ORD1248,2023-05-08,Smartphone,Accessories,BR02,Salzburg,3,598,1219.92,1794
ORD1249,2023-02-08,Headphones,Accessories,BR02,Salzburg,1,105,70.35000000000001,105
ORD1250,2023-12-04,Smartphone,Electronics,BR01,Salzburg,1,492,383.76,492
ORD1251,2023-12-26,Monitor,Accessories,BR03,München,3,1310,2475.9,3930
ORD1252,2023-05-09,Laptop,Accessories,BR03,Salzburg,1,919,578.97,919
ORD1253,2023-09-24,Mouse,Accessories,BR01,Salzburg,2,1270,1701.8000000000002,2540
ORD1254,2023-05-31,Laptop,Electronics,BR02,München,1,634,386.74,634
ORD1255,2023-10-25,Headphones,Electronics,BR03,München,3,801,1537.92,2403
ORD1256,2023-04-09,Laptop,Electronics,BR01,Salzburg,3,409,969.33,1227
ORD1257,2023-09-20,Laptop,Accessories,BR03,München,2,868,1197.84,1736
ORD1258,2023-09-09,Headphones,Accessories,BR01,Wien,4,79,230.68,316
ORD1259,2023-05-24,Keyboard,Electronics,BR02,Wien,3,157,353.25,471
ORD1260,2023-12-12,Keyboard,Accessories,BR03,München,2,893,1196.6200000000001,1786
ORD1261,2023-04-22,Headphones,Electronics,BR01,München,1,766,482.58,766
ORD1262,2023-03-01,Mouse,Electronics,BR03,Salzburg,1,940,601.6,940
ORD1263,2023-01-02,Monitor,Accessories,BR03,München,2,1009,1331.88,2018
ORD1264,2023-10-31,Laptop,Accessories,BR03,Salzburg,2,942,1375.32,1884
ORD1265,2023-09-11,Mouse,Accessories,BR03,Wien,3,781,1593.24,2343
ORD1266,2023-05-20,Laptop,Accessories,BR01,München,1,655,393.0,655
ORD1267,2023-02-06,Monitor,Electronics,BR02,Salzburg,2,506,708.4,1012
ORD1268,2023-06-09,Keyboard,Electronics,BR01,Salzburg,1,664,517.9200000000001,664
ORD1269,2023-01-09,Mouse,Electronics,BR01,Wien,2,747,1135.44,1494
ORD1270,2023-08-21,Tablet,Electronics,BR01,München,1,723,556.71,723
ORD1271,2023-04-09,Tablet,Electronics,BR02,Wien,4,1320,4012.8,5280
ORD1272,2023-05-27,Tablet,Accessories,BR03,Salzburg,3,592,1172.16,1776
ORD1273,2023-10-31,Keyboard,Electronics,BR03,Salzburg,1,906,679.5,906
ORD1274,2023-07-27,Keyboard,Electronics,BR03,München,4,946,2383.92,3784
ORD1275,2023-05-11,Monitor,Electronics,BR02,Salzburg,1,327,238.71,327
ORD1276,2023-06-01,Laptop,Accessories,BR03,München,1,601,438.72999999999996,601
ORD1277,2023-02-23,Monitor,Accessories,BR02,Wien,4,160,390.4,640
ORD1278,2023-04-30,Monitor,Accessories,BR03,München,1,434,329.84000000000003,434
ORD1279,2023-06-10,Keyboard,Accessories,BR03,München,1,810,631.8000000000001,810
ORD1280,2023-04-26,Tablet,Electronics,BR01,Salzburg,3,1264,2464.8,3792
ORD1281,2023-03-16,Smartphone,Electronics,BR02,Salzburg,4,743,2258.72,2972
ORD1282,2023-04-23,Laptop,Accessories,BR01,München,4,1499,3717.52,5996
ORD1283,2023-04-14,Keyboard,Accessories,BR01,Salzburg,2,454,653.76,908
ORD1284,2023-12-06,Tablet,Electronics,BR01,Salzburg,1,1408,985.5999999999999,1408
ORD1285,2023-09-11,Mouse,Electronics,BR02,Salzburg,3,1282,2730.66,3846
ORD1286,2023-08-15,Smartphone,Accessories,BR02,München,1,71,56.09,71
ORD1287,2023-04-22,Smartphone,Accessories,BR03,Salzburg,1,727,559.79,727
ORD1288,2023-04-09,Keyboard,Accessories,BR01,München,2,660,1003.2,1320
ORD1289,2023-06-02,Headphones,Accessories,BR03,Salzburg,1,1281,832.65,1281
ORD1290,2023-12-15,Laptop,Electronics,BR01,Wien,3,57,133.38,171
ORD1291,2023-12-04,Smartphone,Electronics,BR02,Salzburg,3,751,1396.86,2253
ORD1292,2023-07-13,Keyboard,Electronics,BR02,Salzburg,2,578,890.12,1156
ORD1293,2023-11-06,Keyboard,Accessories,BR02,München,1,651,436.17,651
ORD1294,2023-06-12,Tablet,Accessories,BR01,München,3,706,1291.98,2118
ORD1295,2023-07-27,Mouse,Electronics,BR02,Salzburg,1,215,156.95,215
ORD1296,2023-06-18,Headphones,Electronics,BR01,Wien,1,898,583.7,898
ORD1297,2023-06-10,Laptop,Electronics,BR03,Salzburg,1,545,354.25,545
ORD1298,2023-03-09,Monitor,Electronics,BR01,Salzburg,2,639,843.48,1278
ORD1299,2023-10-16,Mouse,Accessories,BR03,Wien,1,478,291.58,478
ORD1300,2023-10-04,Mouse,Electronics,BR01,München,3,823,1580.16,2469
ORD1301,2023-10-31,Tablet,Electronics,BR03,Salzburg,1,212,127.19999999999999,212
ORD1302,2023-05-15,Smartphone,Electronics,BR02,München,3,415,859.05,1245
ORD1303,2023-07-14,Smartphone,Electronics,BR03,München,1,1312,813.4399999999999,1312
ORD1304,2023-05-08,Tablet,Electronics,BR02,Wien,3,121,268.62,363
ORD1305,2023-02-02,Keyboard,Electronics,BR02,Wien,3,704,1372.8,2112
ORD1306,2023-06-25,Smartphone,Electronics,BR03,München,1,318,251.22,318
ORD1307,2023-01-22,Headphones,Accessories,BR01,Salzburg,1,464,357.28000000000003,464
ORD1308,2023-08-26,Laptop,Accessories,BR01,München,3,1318,2609.6400000000003,3954
ORD1309,2023-06-07,Mouse,Accessories,BR01,Salzburg,4,1065,3237.6,4260
ORD1310,2023-02-07,Mouse,Accessories,BR01,Salzburg,2,724,1100.48,1448
ORD1311,2023-08-18,Headphones,Electronics,BR01,Wien,4,1133,3625.6000000000004,4532
ORD1312,2023-12-31,Smartphone,Accessories,BR02,Salzburg,4,55,158.4,220
ORD1313,2023-02-20,Mouse,Accessories,BR01,Salzburg,1,1031,639.22,1031
ORD1314,2023-09-21,Monitor,Electronics,BR02,München,2,619,903.74,1238
ORD1315,2023-10-10,Laptop,Electronics,BR02,Wien,4,456,1313.28,1824
ORD1316,2023-01-27,Laptop,Accessories,BR02,Salzburg,1,1290,941.6999999999999,1290
ORD1317,2023-08-14,Mouse,Accessories,BR03,Salzburg,4,75,198.0,300
ORD1318,2023-10-04,Tablet,Electronics,BR03,Wien,4,1078,3320.2400000000002,4312
ORD1319,2023-10-13,Mouse,Accessories,BR02,München,1,1035,817.6500000000001,1035
ORD1320,2023-04-07,Tablet,Electronics,BR03,Wien,1,439,280.96,439
ORD1321,2023-10-11,Mouse,Electronics,BR01,Wien,1,759,470.58,759
ORD1322,2023-11-13,Monitor,Electronics,BR01,Salzburg,2,620,793.6,1240
ORD1323,2023-10-31,Keyboard,Electronics,BR02,Salzburg,4,803,2441.12,3212
ORD1324,2023-05-27,Laptop,Accessories,BR01,München,1,195,144.3,195
ORD1325,2023-01-04,Mouse,Electronics,BR02,Salzburg,3,1461,3199.59,4383
ORD1326,2023-02-04,Monitor,Electronics,BR02,Salzburg,4,834,2268.48,3336
ORD1327,2023-07-11,Tablet,Accessories,BR01,Wien,3,1322,2855.52,3966
ORD1328,2023-02-18,Tablet,Electronics,BR03,Salzburg,2,575,759.0,1150
ORD1329,2023-01-17,Laptop,Accessories,BR01,München,1,62,43.4,62
ORD1330,2023-06-21,Headphones,Accessories,BR01,Wien,3,952,2170.56,2856
ORD1331,2023-08-08,Mouse,Accessories,BR02,München,2,433,692.8000000000001,866
ORD1332,2023-06-07,Smartphone,Electronics,BR02,Wien,1,605,477.95000000000005,605
ORD1333,2023-02-15,Tablet,Accessories,BR02,Salzburg,3,936,2218.32,2808
ORD1334,2023-01-06,Keyboard,Accessories,BR02,Wien,3,1472,3002.88,4416
ORD1335,2023-04-09,Keyboard,Electronics,BR03,Wien,2,68,93.83999999999999,136
ORD1336,2023-08-21,Tablet,Accessories,BR03,Salzburg,1,624,461.76,624
ORD1337,2023-02-06,Headphones,Accessories,BR03,Salzburg,1,800,624.0,800
ORD1338,2023-10-07,Headphones,Accessories,BR02,München,3,1053,1990.17,3159
ORD1339,2023-12-15,Monitor,Accessories,BR02,München,3,468,926.6400000000001,1404
ORD1340,2023-10-29,Keyboard,Accessories,BR02,Salzburg,3,1410,2664.9,4230
ORD1341,2023-06-30,Monitor,Electronics,BR03,Salzburg,1,468,336.96,468
ORD1342,2023-04-05,Keyboard,Accessories,BR02,Salzburg,2,171,225.72,342
ORD1343,2023-04-09,Mouse,Accessories,BR01,Wien,2,481,644.5400000000001,962
ORD1344,2023-07-07,Mouse,Electronics,BR01,Wien,1,93,56.73,93
ORD1345,2023-04-26,Smartphone,Electronics,BR02,Wien,4,1390,3725.2000000000003,5560
ORD1346,2023-07-10,Mouse,Electronics,BR01,Salzburg,2,430,662.2,860
ORD1347,2023-09-10,Smartphone,Accessories,BR01,München,3,194,378.3,582
ORD1348,2023-06-10,Mouse,Electronics,BR03,Salzburg,4,1400,4144.0,5600
ORD1349,2023-09-13,Laptop,Accessories,BR02,Wien,4,412,1203.04,1648
ORD1350,2023-11-19,Mouse,Accessories,BR02,Wien,2,1123,1729.42,2246
ORD1351,2023-05-08,Monitor,Electronics,BR03,Salzburg,4,1138,2867.76,4552
ORD1352,2023-01-18,Tablet,Electronics,BR01,Salzburg,4,404,1292.8000000000002,1616
ORD1353,2023-10-08,Monitor,Accessories,BR01,Wien,2,849,1222.56,1698
ORD1354,2023-08-11,Tablet,Electronics,BR02,Wien,2,1237,1979.2,2474
ORD1355,2023-02-23,Headphones,Accessories,BR01,Wien,4,1214,3787.6800000000003,4856
ORD1356,2023-02-27,Monitor,Electronics,BR03,Salzburg,3,875,1680.0,2625
ORD1357,2023-11-19,Headphones,Electronics,BR03,Wien,1,1201,732.61,1201
ORD1358,2023-12-26,Smartphone,Electronics,BR02,Wien,4,447,1162.2,1788
ORD1359,2023-06-23,Smartphone,Accessories,BR03,München,4,929,2638.3599999999997,3716
ORD1360,2023-10-07,Laptop,Electronics,BR03,Salzburg,3,512,967.6800000000001,1536
ORD1361,2023-04-24,Mouse,Accessories,BR02,München,4,857,2159.64,3428
ORD1362,2023-10-15,Monitor,Accessories,BR03,München,4,236,651.3599999999999,944
ORD1363,2023-12-08,Headphones,Accessories,BR03,Wien,1,781,476.40999999999997,781
ORD1364,2023-05-31,Tablet,Accessories,BR03,Salzburg,1,1263,783.06,1263
ORD1365,2023-05-07,Smartphone,Electronics,BR01,Wien,1,1461,993.48,1461
ORD1366,2023-06-04,Mouse,Accessories,BR02,Salzburg,2,478,583.16,956
ORD1367,2023-09-30,Smartphone,Accessories,BR02,München,2,907,1233.52,1814
ORD1368,2023-04-14,Tablet,Electronics,BR02,Salzburg,1,1357,936.3299999999999,1357
ORD1369,2023-10-26,Mouse,Accessories,BR01,Wien,1,286,197.33999999999997,286
ORD1370,2023-09-03,Mouse,Electronics,BR01,Wien,2,1267,1951.18,2534
ORD1371,2023-06-25,Headphones,Accessories,BR02,Wien,3,1360,2896.7999999999997,4080
ORD1372,2023-02-08,Headphones,Electronics,BR01,Salzburg,4,820,2263.2,3280
ORD1373,2023-06-19,Monitor,Accessories,BR02,München,4,807,2195.04,3228
ORD1374,2023-09-04,Monitor,Electronics,BR01,München,1,185,140.6,185
ORD1375,2023-01-26,Keyboard,Accessories,BR03,Salzburg,3,841,1967.94,2523
ORD1376,2023-12-21,Keyboard,Accessories,BR03,Wien,2,220,338.8,440
ORD1377,2023-11-02,Laptop,Electronics,BR02,München,1,208,151.84,208
ORD1378,2023-01-13,Smartphone,Electronics,BR01,Wien,3,250,472.5,750
ORD1379,2023-11-12,Monitor,Electronics,BR01,Salzburg,3,1011,2001.7800000000002,3033
ORD1380,2023-11-09,Headphones,Electronics,BR03,Wien,3,632,1156.56,1896
ORD1381,2023-02-05,Tablet,Accessories,BR03,München,2,925,1461.5,1850
ORD1382,2023-06-22,Headphones,Accessories,BR01,München,2,420,613.1999999999999,840
ORD1383,2023-01-20,Smartphone,Electronics,BR01,Wien,4,152,456.0,608
ORD1384,2023-11-17,Keyboard,Accessories,BR01,Salzburg,4,1051,2774.6400000000003,4204
ORD1385,2023-09-21,Headphones,Electronics,BR01,Wien,3,1198,2767.38,3594
ORD1386,2023-05-22,Laptop,Electronics,BR01,Salzburg,3,1386,2702.7000000000003,4158
ORD1387,2023-05-23,Smartphone,Accessories,BR01,Wien,2,1025,1230.0,2050
ORD1388,2023-04-02,Keyboard,Accessories,BR02,München,4,847,2303.84,3388
ORD1389,2023-12-20,Tablet,Accessories,BR01,Salzburg,3,1303,2775.39,3909
ORD1390,2023-11-18,Keyboard,Accessories,BR03,Salzburg,4,707,1979.6,2828
ORD1391,2023-10-15,Mouse,Accessories,BR02,Salzburg,4,931,2867.48,3724
ORD1392,2023-08-03,Laptop,Accessories,BR01,München,3,1270,2362.2,3810
ORD1393,2023-12-08,Smartphone,Accessories,BR03,Wien,2,782,1110.44,1564
ORD1394,2023-02-20,Tablet,Electronics,BR02,München,3,472,991.1999999999999,1416
ORD1395,2023-06-02,Laptop,Electronics,BR03,Salzburg,3,621,1229.5800000000002,1863
ORD1396,2023-07-05,Keyboard,Electronics,BR01,Wien,4,220,668.8,880
ORD1397,2023-03-04,Laptop,Electronics,BR01,München,3,1455,3273.75,4365
ORD1398,2023-07-09,Smartphone,Electronics,BR01,Salzburg,2,222,333.0,444
ORD1399,2023-05-05,Monitor,Accessories,BR01,Salzburg,3,712,1666.0800000000002,2136
ORD1400,2023-05-30,Laptop,Electronics,BR02,München,2,502,742.96,1004
ORD1401,2023-11-10,Mouse,Electronics,BR02,München,2,399,518.7,798
ORD1402,2023-02-27,Laptop,Electronics,BR03,München,4,543,1607.28,2172
ORD1403,2023-12-08,Keyboard,Electronics,BR01,Salzburg,1,669,441.54,669
ORD1404,2023-11-01,Keyboard,Electronics,BR03,München,1,1077,700.0500000000001,1077
ORD1405,2023-06-29,Tablet,Electronics,BR02,Salzburg,4,1166,2845.04,4664
ORD1406,2023-06-19,Keyboard,Electronics,BR01,München,3,968,2178.0,2904
ORD1407,2023-11-22,Headphones,Accessories,BR01,Salzburg,4,55,162.8,220
ORD1408,2023-09-28,Smartphone,Accessories,BR02,Salzburg,2,337,438.1,674
ORD1409,2023-02-23,Smartphone,Electronics,BR02,Wien,1,1219,914.25,1219
ORD1410,2023-04-11,Monitor,Accessories,BR02,München,4,1497,4670.64,5988
ORD1411,2023-09-21,Monitor,Accessories,BR02,München,3,657,1222.02,1971
ORD1412,2023-02-22,Smartphone,Accessories,BR02,Salzburg,4,506,1315.6000000000001,2024
ORD1413,2023-03-01,Mouse,Accessories,BR01,Salzburg,1,1275,956.25,1275
ORD1414,2023-04-18,Monitor,Electronics,BR02,Salzburg,4,1285,3341.0,5140
ORD1415,2023-01-05,Tablet,Accessories,BR01,Wien,4,1079,3107.52,4316
ORD1416,2023-04-13,Keyboard,Accessories,BR01,Wien,1,673,417.26,673
ORD1417,2023-07-15,Smartphone,Accessories,BR02,Salzburg,2,425,586.5,850
ORD1418,2023-09-19,Monitor,Electronics,BR02,München,2,496,744.0,992
ORD1419,2023-12-31,Smartphone,Electronics,BR01,München,1,884,654.16,884
ORD1420,2023-12-16,Headphones,Electronics,BR02,Wien,4,1179,3584.16,4716
ORD1421,2023-02-16,Laptop,Electronics,BR02,Wien,1,860,670.8000000000001,860
ORD1422,2023-12-21,Keyboard,Electronics,BR02,Salzburg,2,1474,2211.0,2948
ORD1423,2023-11-07,Smartphone,Electronics,BR03,München,3,1169,2560.11,3507
ORD1424,2023-11-04,Laptop,Electronics,BR01,Salzburg,4,1461,3564.84,5844
ORD1425,2023-05-24,Monitor,Accessories,BR03,Wien,2,1008,1431.36,2016
ORD1426,2023-09-26,Laptop,Accessories,BR02,München,4,898,2191.12,3592
ORD1427,2023-05-04,Keyboard,Accessories,BR03,München,1,858,652.08,858
ORD1428,2023-04-16,Smartphone,Electronics,BR02,Wien,3,1028,2035.44,3084
ORD1429,2023-06-07,Headphones,Electronics,BR03,Salzburg,1,465,330.15,465
ORD1430,2023-05-27,Mouse,Electronics,BR02,Salzburg,3,775,1534.5,2325
ORD1431,2023-05-25,Monitor,Electronics,BR03,München,4,503,1529.1200000000001,2012
ORD1432,2023-04-30,Smartphone,Electronics,BR03,Wien,4,1364,4255.68,5456
ORD1433,2023-11-15,Keyboard,Accessories,BR03,München,1,1266,860.8800000000001,1266
ORD1434,2023-10-02,Monitor,Accessories,BR01,Wien,3,199,459.69,597
ORD1435,2023-04-02,Tablet,Electronics,BR03,Salzburg,3,808,1575.6000000000001,2424
ORD1436,2023-02-27,Laptop,Electronics,BR01,Wien,4,828,2351.52,3312
ORD1437,2023-12-12,Mouse,Electronics,BR02,Salzburg,1,1022,786.94,1022
ORD1438,2023-08-17,Keyboard,Electronics,BR03,Wien,3,812,1632.1200000000001,2436
ORD1439,2023-04-27,Tablet,Accessories,BR02,München,4,1051,3321.1600000000003,4204
ORD1440,2023-11-14,Smartphone,Electronics,BR02,Salzburg,2,1466,1817.84,2932
ORD1441,2023-10-06,Headphones,Electronics,BR03,München,1,1389,833.4,1389
ORD1442,2023-05-07,Monitor,Electronics,BR01,München,2,125,195.0,250
ORD1443,2023-05-09,Laptop,Electronics,BR03,Salzburg,1,648,395.28,648
ORD1444,2023-02-27,Monitor,Accessories,BR02,Salzburg,4,1343,4297.6,5372
ORD1445,2023-05-02,Mouse,Electronics,BR02,München,3,274,649.38,822
ORD1446,2023-01-01,Smartphone,Electronics,BR03,München,3,162,306.18,486
ORD1447,2023-08-27,Monitor,Accessories,BR01,München,3,300,639.0,900
ORD1448,2023-10-17,Laptop,Accessories,BR01,München,1,1306,835.84,1306
ORD1449,2023-04-06,Smartphone,Accessories,BR02,Salzburg,4,890,2456.3999999999996,3560
ORD1450,2023-05-06,Monitor,Electronics,BR02,Salzburg,2,763,930.86,1526
ORD1451,2023-04-28,Headphones,Electronics,BR01,München,4,1156,2959.36,4624
ORD1452,2023-02-17,Keyboard,Accessories,BR03,Wien,2,174,233.16000000000003,348
ORD1453,2023-03-30,Smartphone,Accessories,BR02,Wien,1,1248,861.1199999999999,1248
ORD1454,2023-08-25,Keyboard,Accessories,BR01,Salzburg,1,1142,913.6,1142
ORD1455,2023-09-29,Smartphone,Accessories,BR02,München,2,1120,1702.4,2240
ORD1456,2023-07-08,Headphones,Accessories,BR03,München,2,933,1399.5,1866
ORD1457,2023-07-11,Keyboard,Accessories,BR01,Salzburg,2,1329,1887.1799999999998,2658
ORD1458,2023-03-10,Tablet,Electronics,BR02,Wien,4,79,243.32,316
ORD1459,2023-10-05,Laptop,Electronics,BR03,Wien,2,330,442.20000000000005,660
ORD1460,2023-12-15,Tablet,Electronics,BR02,Wien,1,973,720.02,973
ORD1461,2023-09-04,Monitor,Accessories,BR03,Salzburg,1,1310,1048.0,1310
ORD1462,2023-03-17,Headphones,Accessories,BR03,Wien,3,1321,2615.58,3963
ORD1463,2023-06-03,Tablet,Accessories,BR01,Salzburg,2,417,608.8199999999999,834
ORD1464,2023-05-24,Smartphone,Accessories,BR03,Salzburg,4,544,1675.52,2176
ORD1465,2023-03-27,Monitor,Accessories,BR02,München,4,1098,3425.76,4392
ORD1466,2023-07-04,Monitor,Accessories,BR03,Wien,4,767,2270.32,3068
ORD1467,2023-10-12,Tablet,Electronics,BR03,Salzburg,3,1066,2110.6800000000003,3198
ORD1468,2023-08-08,Tablet,Electronics,BR01,Wien,1,1387,929.2900000000001,1387
ORD1469,2023-03-10,Headphones,Accessories,BR03,Wien,4,655,1572.0,2620
ORD1470,2023-02-16,Laptop,Electronics,BR03,München,1,424,318.0,424
ORD1471,2023-04-04,Tablet,Accessories,BR02,Wien,3,688,1259.04,2064
ORD1472,2023-08-26,Mouse,Electronics,BR01,München,2,1098,1690.92,2196
ORD1473,2023-07-23,Tablet,Accessories,BR01,Salzburg,2,1407,1744.68,2814
ORD1474,2023-08-06,Keyboard,Accessories,BR01,Wien,2,1428,1799.28,2856
ORD1475,2023-12-07,Smartphone,Electronics,BR03,Salzburg,4,165,461.99999999999994,660
ORD1476,2023-02-08,Mouse,Electronics,BR01,Wien,2,97,145.5,194
ORD1477,2023-04-10,Mouse,Accessories,BR03,Salzburg,4,148,372.96,592
ORD1478,2023-10-16,Keyboard,Accessories,BR03,Wien,3,454,939.78,1362
ORD1479,2023-09-11,Keyboard,Electronics,BR02,Wien,3,1287,2702.7,3861
ORD1480,2023-08-10,Monitor,Electronics,BR02,Wien,4,734,1879.04,2936
ORD1481,2023-12-23,Laptop,Accessories,BR02,Wien,1,952,590.24,952
ORD1482,2023-01-23,Smartphone,Electronics,BR02,Wien,2,552,850.08,1104
ORD1483,2023-09-07,Headphones,Accessories,BR02,Wien,2,943,1320.1999999999998,1886
ORD1484,2023-01-10,Mouse,Accessories,BR03,Wien,2,307,368.4,614
ORD1485,2023-09-03,Headphones,Accessories,BR03,Wien,4,893,2714.7200000000003,3572
ORD1486,2023-11-21,Tablet,Accessories,BR01,Wien,3,170,408.0,510
ORD1487,2023-04-10,Tablet,Electronics,BR03,Salzburg,2,859,1236.96,1718
ORD1488,2023-10-17,Headphones,Electronics,BR03,München,3,1027,2156.7,3081
ORD1489,2023-06-29,Tablet,Electronics,BR02,Wien,2,103,160.68,206
ORD1490,2023-08-11,Laptop,Electronics,BR03,München,2,1068,1687.44,2136
ORD1491,2023-09-07,Keyboard,Electronics,BR02,Wien,4,1404,4212.0,5616
ORD1492,2023-05-27,Tablet,Electronics,BR01,Wien,1,833,574.77,833
ORD1493,2023-04-06,Monitor,Electronics,BR01,Salzburg,4,290,835.1999999999999,1160
ORD1494,2023-09-14,Tablet,Accessories,BR03,Salzburg,2,532,787.36,1064
ORD1495,2023-11-21,Smartphone,Electronics,BR01,München,2,1062,1359.3600000000001,2124
ORD1496,2023-01-04,Laptop,Electronics,BR03,Salzburg,1,236,162.83999999999997,236
ORD1497,2023-01-16,Smartphone,Accessories,BR01,Salzburg,3,705,1628.55,2115
ORD1498,2023-10-07,Smartphone,Electronics,BR02,München,3,311,681.09,933
ORD1499,2023-12-02,Monitor,Electronics,BR02,Salzburg,2,1002,1362.72,2004
ORD1500,2023-09-04,Laptop,Accessories,BR02,Wien,3,1437,3147.0299999999997,4311
ORD1501,2023-09-15,Laptop,Electronics,BR02,München,2,540,669.6,1080
ORD1502,2023-06-09,Laptop,Electronics,BR03,München,1,480,326.40000000000003,480
ORD1503,2023-12-06,Laptop,Electronics,BR01,Wien,1,288,218.88,288
ORD1504,2023-06-01,Laptop,Accessories,BR03,Salzburg,2,353,451.84000000000003,706
ORD1505,2023-06-27,Monitor,Electronics,BR02,München,1,347,222.08,347
ORD1506,2023-06-12,Tablet,Electronics,BR03,München,4,125,395.0,500
ORD1507,2023-02-02,Smartphone,Accessories,BR01,Wien,4,1406,3599.36,5624
ORD1508,2023-06-28,Laptop,Electronics,BR03,Wien,1,1048,681.2,1048
ORD1509,2023-04-11,Mouse,Accessories,BR01,Salzburg,2,691,1091.78,1382
ORD1510,2023-09-25,Tablet,Accessories,BR03,München,2,876,1314.0,1752
ORD1511,2023-11-19,Tablet,Electronics,BR01,Salzburg,1,332,245.68,332
ORD1512,2023-03-06,Smartphone,Accessories,BR01,Salzburg,3,640,1478.4,1920
ORD1513,2023-06-17,Monitor,Accessories,BR02,Wien,4,121,300.08,484
ORD1514,2023-11-26,Headphones,Electronics,BR01,München,3,1336,2965.92,4008
ORD1515,2023-02-12,Headphones,Accessories,BR02,München,2,752,1052.8,1504
ORD1516,2023-02-13,Tablet,Accessories,BR02,München,2,624,960.96,1248
ORD1517,2023-10-12,Keyboard,Electronics,BR02,Wien,3,1049,2202.8999999999996,3147
ORD1518,2023-01-12,Keyboard,Electronics,BR03,Wien,1,941,677.52,941
ORD1519,2023-04-05,Smartphone,Electronics,BR03,Wien,3,61,128.1,183
ORD1520,2023-10-29,Headphones,Accessories,BR03,Wien,3,190,399.0,570
ORD1521,2023-09-10,Tablet,Electronics,BR03,Wien,4,66,198.0,264
ORD1522,2023-08-30,Monitor,Accessories,BR01,München,4,1136,3317.12,4544
ORD1523,2023-02-04,Headphones,Accessories,BR01,Salzburg,3,302,661.38,906
ORD1524,2023-08-03,Tablet,Accessories,BR03,München,3,514,1063.98,1542
ORD1525,2023-12-03,Tablet,Accessories,BR01,Salzburg,2,425,603.5,850
ORD1526,2023-03-31,Laptop,Accessories,BR01,Wien,4,1030,3090.0,4120
ORD1527,2023-09-21,Monitor,Accessories,BR02,Salzburg,4,569,1752.52,2276
ORD1528,2023-04-03,Laptop,Accessories,BR02,München,2,139,205.72,278
ORD1529,2023-03-31,Smartphone,Electronics,BR02,München,1,769,599.82,769
ORD1530,2023-04-25,Laptop,Electronics,BR02,Salzburg,4,853,2593.12,3412
ORD1531,2023-04-15,Mouse,Accessories,BR01,Wien,4,845,2399.7999999999997,3380
ORD1532,2023-07-15,Laptop,Accessories,BR03,Wien,1,679,495.67,679
ORD1533,2023-11-10,Mouse,Electronics,BR01,München,4,1248,3943.6800000000003,4992
ORD1534,2023-04-24,Headphones,Accessories,BR01,Salzburg,4,125,360.0,500
ORD1535,2023-03-16,Keyboard,Electronics,BR01,Wien,1,975,741.0,975
ORD1536,2023-08-05,Tablet,Electronics,BR02,Wien,1,449,332.26,449
ORD1537,2023-10-04,Mouse,Electronics,BR02,München,3,1019,2170.47,3057
ORD1538,2023-09-06,Monitor,Accessories,BR02,Wien,2,1144,1487.2,2288
ORD1539,2023-06-13,Laptop,Accessories,BR03,Salzburg,2,1253,1729.1399999999999,2506
ORD1540,2023-12-23,Mouse,Electronics,BR01,München,1,1197,945.63,1197
ORD1541,2023-07-11,Monitor,Electronics,BR03,München,1,1454,1061.42,1454
ORD1542,2023-08-15,Keyboard,Electronics,BR02,Salzburg,4,1366,3879.4399999999996,5464
ORD1543,2023-06-26,Keyboard,Electronics,BR03,München,3,846,2005.02,2538
ORD1544,2023-04-09,Laptop,Electronics,BR01,Wien,3,244,527.04,732
ORD1545,2023-02-05,Smartphone,Accessories,BR01,Wien,1,277,196.67,277
ORD1546,2023-04-06,Laptop,Electronics,BR02,Salzburg,4,510,1530.0,2040
ORD1547,2023-06-01,Headphones,Accessories,BR02,Wien,4,667,1974.32,2668
ORD1548,2023-05-31,Mouse,Electronics,BR03,Salzburg,2,1094,1400.32,2188
ORD1549,2023-07-09,Tablet,Accessories,BR02,Salzburg,2,113,155.94,226
ORD1550,2023-08-12,Smartphone,Accessories,BR02,Wien,4,214,590.64,856
ORD1551,2023-02-06,Laptop,Accessories,BR01,Salzburg,2,76,103.36000000000001,152
ORD1552,2023-09-25,Monitor,Accessories,BR02,Wien,1,1384,968.8,1384
ORD1553,2023-07-02,Smartphone,Accessories,BR02,München,4,1061,2885.92,4244
ORD1554,2023-01-13,Mouse,Accessories,BR01,München,2,334,427.52,668
ORD1555,2023-10-06,Smartphone,Electronics,BR01,Salzburg,3,330,673.2,990
ORD1556,2023-08-05,Mouse,Accessories,BR03,Wien,4,887,2164.2799999999997,3548
ORD1557,2023-12-21,Laptop,Electronics,BR02,Wien,4,880,2534.4,3520
ORD1558,2023-12-27,Mouse,Accessories,BR01,München,3,1237,2857.4700000000003,3711
ORD1559,2023-10-13,Smartphone,Accessories,BR03,München,1,967,725.25,967
ORD1560,2023-09-30,Monitor,Electronics,BR03,Wien,3,273,548.73,819
ORD1561,2023-03-03,Keyboard,Accessories,BR02,Salzburg,4,833,2065.84,3332
ORD1562,2023-03-25,Smartphone,Electronics,BR02,München,1,1219,780.16,1219
ORD1563,2023-08-05,Mouse,Electronics,BR03,Salzburg,2,1014,1439.8799999999999,2028
ORD1564,2023-12-08,Keyboard,Electronics,BR01,Salzburg,2,999,1278.72,1998
ORD1565,2023-07-06,Mouse,Electronics,BR03,München,2,1103,1566.26,2206
ORD1566,2023-01-19,Monitor,Accessories,BR02,Salzburg,4,94,244.4,376
ORD1567,2023-06-26,Mouse,Accessories,BR01,Salzburg,3,520,1201.2,1560
ORD1568,2023-04-10,Laptop,Electronics,BR01,Wien,1,83,56.440000000000005,83
ORD1569,2023-08-21,Tablet,Accessories,BR03,Salzburg,2,702,912.6,1404
ORD1570,2023-03-17,Smartphone,Accessories,BR02,Wien,1,879,668.04,879
ORD1571,2023-09-22,Tablet,Electronics,BR03,München,4,270,723.6,1080
ORD1572,2023-10-11,Mouse,Accessories,BR03,München,2,583,722.92,1166
ORD1573,2023-07-25,Monitor,Electronics,BR03,Wien,4,741,2104.44,2964
ORD1574,2023-08-11,Smartphone,Electronics,BR01,München,3,1440,3110.4,4320
ORD1575,2023-02-21,Mouse,Accessories,BR01,Salzburg,4,981,2903.7599999999998,3924
ORD1576,2023-12-05,Keyboard,Accessories,BR02,Salzburg,4,890,2314.0,3560
ORD1577,2023-05-24,Headphones,Accessories,BR02,Salzburg,3,1060,2194.2,3180
ORD1578,2023-03-10,Mouse,Electronics,BR03,München,1,631,416.46000000000004,631
ORD1579,2023-04-09,Tablet,Electronics,BR03,Salzburg,3,1189,2211.54,3567
ORD1580,2023-01-25,Smartphone,Accessories,BR03,München,3,288,673.9200000000001,864
ORD1581,2023-02-22,Tablet,Accessories,BR02,Salzburg,4,1408,4224.0,5632
ORD1582,2023-05-31,Smartphone,Accessories,BR01,Wien,1,490,323.40000000000003,490
ORD1583,2023-05-24,Mouse,Accessories,BR01,München,2,197,283.68,394
ORD1584,2023-02-26,Laptop,Electronics,BR03,München,3,1082,2077.44,3246
ORD1585,2023-02-08,Keyboard,Accessories,BR03,Salzburg,1,1361,1061.58,1361
ORD1586,2023-04-19,Mouse,Electronics,BR03,München,3,437,812.82,1311
ORD1587,2023-06-30,Tablet,Electronics,BR03,München,3,1123,2021.3999999999999,3369
ORD1588,2023-02-11,Headphones,Accessories,BR02,Wien,3,965,2026.4999999999998,2895
ORD1589,2023-07-05,Headphones,Accessories,BR01,Wien,3,687,1483.9199999999998,2061
ORD1590,2023-08-11,Monitor,Accessories,BR03,Salzburg,4,327,941.76,1308
ORD1591,2023-05-02,Smartphone,Electronics,BR02,Wien,1,1038,633.18,1038
ORD1592,2023-05-13,Tablet,Accessories,BR03,Salzburg,1,1373,906.1800000000001,1373
ORD1593,2023-06-12,Monitor,Accessories,BR03,Salzburg,1,638,446.59999999999997,638
ORD1594,2023-08-03,Tablet,Electronics,BR01,Salzburg,3,698,1340.16,2094
ORD1595,2023-08-09,Smartphone,Accessories,BR03,München,4,667,2054.36,2668
ORD1596,2023-08-23,Mouse,Electronics,BR01,Wien,3,184,342.24,552
ORD1597,2023-11-27,Mouse,Accessories,BR01,Salzburg,3,629,1320.8999999999999,1887
ORD1598,2023-05-26,Headphones,Electronics,BR01,Wien,1,1220,902.8,1220
ORD1599,2023-08-27,Mouse,Accessories,BR02,Salzburg,3,539,1051.05,1617
ORD1600,2023-03-17,Mouse,Accessories,BR02,Wien,2,527,758.88,1054
ORD1601,2023-01-09,Laptop,Electronics,BR01,Wien,3,1232,2845.92,3696
ORD1602,2023-03-15,Headphones,Electronics,BR03,Salzburg,2,433,554.24,866
ORD1603,2023-09-10,Monitor,Accessories,BR01,München,3,212,496.08000000000004,636
ORD1604,2023-08-18,Keyboard,Electronics,BR03,Wien,4,490,1391.6,1960
ORD1605,2023-01-07,Laptop,Electronics,BR01,München,4,1262,3331.6800000000003,5048
ORD1606,2023-06-23,Monitor,Electronics,BR03,München,1,464,320.15999999999997,464
ORD1607,2023-05-21,Smartphone,Electronics,BR02,Salzburg,3,1412,2795.76,4236
ORD1608,2023-06-17,Laptop,Accessories,BR03,Salzburg,2,1254,1881.0,2508
ORD1609,2023-06-19,Monitor,Accessories,BR01,Salzburg,2,337,512.24,674
ORD1610,2023-10-10,Smartphone,Electronics,BR02,Wien,3,236,545.16,708
ORD1611,2023-05-02,Headphones,Electronics,BR03,Salzburg,2,1211,1937.6000000000001,2422
ORD1612,2023-07-13,Keyboard,Electronics,BR03,Salzburg,4,179,544.16,716
ORD1613,2023-01-05,Smartphone,Electronics,BR03,Wien,2,243,349.91999999999996,486
ORD1614,2023-01-29,Mouse,Accessories,BR03,Wien,1,365,244.55,365
ORD1615,2023-06-14,Tablet,Accessories,BR03,Salzburg,4,193,548.12,772
ORD1616,2023-12-05,Smartphone,Electronics,BR02,Salzburg,4,65,158.6,260
ORD1617,2023-05-16,Smartphone,Electronics,BR02,Salzburg,4,1375,4125.0,5500
ORD1618,2023-12-31,Keyboard,Electronics,BR02,Salzburg,3,472,977.04,1416
ORD1619,2023-11-17,Tablet,Accessories,BR02,München,3,294,529.1999999999999,882
ORD1620,2023-12-08,Mouse,Electronics,BR01,München,4,976,2381.44,3904
ORD1621,2023-05-25,Monitor,Accessories,BR02,Salzburg,3,1180,2407.2000000000003,3540
ORD1622,2023-11-23,Monitor,Electronics,BR03,München,2,1161,1671.84,2322
ORD1623,2023-08-05,Smartphone,Accessories,BR03,Wien,3,178,368.46,534
ORD1624,2023-10-28,Tablet,Electronics,BR02,München,3,956,2064.96,2868
ORD1625,2023-05-12,Tablet,Accessories,BR03,München,4,936,2620.7999999999997,3744
ORD1626,2023-10-19,Mouse,Electronics,BR02,Salzburg,1,390,284.7,390
ORD1627,2023-03-11,Keyboard,Electronics,BR03,München,1,53,33.92,53
ORD1628,2023-09-09,Headphones,Electronics,BR01,München,1,1400,868.0,1400
ORD1629,2023-10-02,Monitor,Accessories,BR01,München,2,1483,2135.52,2966
ORD1630,2023-12-30,Keyboard,Electronics,BR02,München,3,355,745.5,1065
ORD1631,2023-07-01,Laptop,Accessories,BR02,Wien,1,957,583.77,957
ORD1632,2023-06-16,Monitor,Accessories,BR02,Salzburg,4,656,1784.3200000000002,2624
ORD1633,2023-04-01,Keyboard,Electronics,BR03,Salzburg,1,1298,804.76,1298
ORD1634,2023-07-21,Monitor,Electronics,BR02,Wien,1,1421,1008.91,1421
ORD1635,2023-12-12,Headphones,Electronics,BR01,München,3,1041,2123.6400000000003,3123
ORD1636,2023-01-19,Laptop,Accessories,BR03,Wien,3,370,799.1999999999999,1110
ORD1637,2023-02-08,Headphones,Electronics,BR02,München,3,608,1386.24,1824
ORD1638,2023-05-06,Mouse,Accessories,BR03,Wien,2,1254,1655.28,2508
ORD1639,2023-06-22,Laptop,Accessories,BR03,Salzburg,2,667,1053.8600000000001,1334
ORD1640,2023-05-21,Smartphone,Electronics,BR02,Salzburg,1,760,539.6,760
ORD1641,2023-08-30,Keyboard,Electronics,BR03,Salzburg,3,1459,3151.44,4377
ORD1642,2023-08-08,Laptop,Electronics,BR01,München,1,1181,873.9399999999999,1181
ORD1643,2023-05-06,Mouse,Electronics,BR01,München,4,580,1693.6,2320
ORD1644,2023-02-27,Mouse,Electronics,BR03,Wien,4,459,1285.1999999999998,1836
ORD1645,2023-05-28,Headphones,Electronics,BR02,Wien,3,1369,2833.83,4107
ORD1646,2023-11-13,Monitor,Accessories,BR03,Salzburg,3,867,1586.61,2601
ORD1647,2023-12-27,Laptop,Accessories,BR01,München,4,1244,2985.6,4976
ORD1648,2023-01-01,Keyboard,Accessories,BR03,Wien,3,1404,2822.04,4212
ORD1649,2023-12-14,Laptop,Electronics,BR03,München,2,542,726.2800000000001,1084
ORD1650,2023-07-09,Tablet,Accessories,BR01,München,2,1268,1724.48,2536
ORD1651,2023-07-10,Monitor,Accessories,BR03,Salzburg,3,61,115.29,183
ORD1652,2023-11-08,Keyboard,Accessories,BR03,Salzburg,4,244,732.0,976
ORD1653,2023-04-27,Keyboard,Accessories,BR02,München,1,539,415.03000000000003,539
ORD1654,2023-05-14,Smartphone,Accessories,BR02,München,3,844,2000.2800000000002,2532
ORD1655,2023-02-27,Headphones,Electronics,BR01,München,3,930,1952.9999999999998,2790
ORD1656,2023-02-13,Smartphone,Electronics,BR01,München,1,231,170.94,231
ORD1657,2023-06-22,Keyboard,Accessories,BR01,Salzburg,3,1011,2335.41,3033
ORD1658,2023-06-09,Monitor,Accessories,BR02,Wien,1,705,479.40000000000003,705
ORD1659,2023-06-22,Laptop,Accessories,BR01,Salzburg,4,1389,3666.96,5556
ORD1660,2023-11-13,Laptop,Electronics,BR01,Wien,2,743,1173.94,1486
ORD1661,2023-10-30,Monitor,Electronics,BR01,München,4,79,221.2,316
ORD1662,2023-05-29,Keyboard,Accessories,BR02,Wien,2,1169,1636.6,2338
ORD1663,2023-03-21,Mouse,Electronics,BR03,Salzburg,1,1454,930.5600000000001,1454
ORD1664,2023-08-01,Laptop,Electronics,BR01,Salzburg,2,827,1025.48,1654
ORD1665,2023-07-22,Mouse,Accessories,BR03,München,4,493,1518.44,1972
ORD1666,2023-09-09,Laptop,Electronics,BR01,Salzburg,2,347,499.68,694
ORD1667,2023-08-17,Laptop,Electronics,BR03,München,1,857,574.19,857
ORD1668,2023-06-13,Headphones,Accessories,BR02,Salzburg,2,894,1144.32,1788
ORD1669,2023-08-15,Headphones,Electronics,BR02,Salzburg,3,1065,2268.45,3195
ORD1670,2023-05-27,Tablet,Electronics,BR01,München,4,1434,4129.92,5736
ORD1671,2023-01-20,Smartphone,Accessories,BR03,Wien,3,1447,2778.2400000000002,4341
ORD1672,2023-02-16,Monitor,Electronics,BR02,Salzburg,1,603,464.31,603
ORD1673,2023-08-21,Monitor,Electronics,BR01,Wien,2,352,436.48,704
ORD1674,2023-11-01,Monitor,Accessories,BR01,Salzburg,3,470,944.7,1410
ORD1675,2023-01-14,Tablet,Accessories,BR02,Salzburg,3,1319,2928.18,3957
ORD1676,2023-05-23,Headphones,Accessories,BR02,Salzburg,2,1310,1703.0,2620
ORD1677,2023-01-01,Keyboard,Electronics,BR01,Salzburg,2,234,360.36,468
ORD1678,2023-02-23,Mouse,Accessories,BR03,Wien,4,517,1551.0,2068
ORD1679,2023-09-16,Mouse,Electronics,BR03,Wien,3,803,1830.84,2409
ORD1680,2023-05-24,Keyboard,Accessories,BR03,Salzburg,3,412,766.32,1236
ORD1681,2023-01-12,Tablet,Electronics,BR01,Salzburg,1,1356,854.28,1356
ORD1682,2023-11-26,Keyboard,Accessories,BR02,Wien,4,385,1016.4000000000001,1540
ORD1683,2023-08-12,Monitor,Accessories,BR01,München,1,211,147.7,211
ORD1684,2023-09-29,Smartphone,Accessories,BR02,München,3,1233,2774.25,3699
ORD1685,2023-12-24,Laptop,Accessories,BR03,Wien,1,1395,1074.15,1395
ORD1686,2023-06-05,Mouse,Electronics,BR03,Salzburg,3,61,135.42,183
ORD1687,2023-01-08,Headphones,Accessories,BR02,Salzburg,3,1497,3547.8900000000003,4491
ORD1688,2023-05-02,Headphones,Accessories,BR02,München,1,1146,859.5,1146
ORD1689,2023-12-14,Tablet,Electronics,BR01,München,1,637,420.42,637
ORD1690,2023-06-13,Headphones,Accessories,BR03,Wien,2,250,325.0,500
ORD1691,2023-03-31,Monitor,Electronics,BR01,München,2,571,845.08,1142
ORD1692,2023-05-16,Mouse,Accessories,BR01,Wien,2,554,709.12,1108
ORD1693,2023-07-05,Keyboard,Accessories,BR01,München,3,837,1556.82,2511
ORD1694,2023-11-12,Monitor,Accessories,BR03,München,1,1112,789.52,1112
ORD1695,2023-06-27,Tablet,Electronics,BR01,München,4,109,331.36,436
ORD1696,2023-01-28,Monitor,Accessories,BR01,Salzburg,3,627,1166.22,1881
ORD1697,2023-08-08,Keyboard,Accessories,BR01,Salzburg,4,370,1124.8,1480
ORD1698,2023-12-23,Smartphone,Accessories,BR01,Salzburg,1,1481,1125.56,1481
ORD1699,2023-02-10,Tablet,Electronics,BR01,München,3,972,2041.1999999999998,2916
ORD1700,2023-08-16,Smartphone,Electronics,BR01,Wien,4,1459,3559.96,5836
ORD1701,2023-07-11,Laptop,Accessories,BR03,Wien,4,618,1557.36,2472
ORD1702,2023-05-25,Smartphone,Electronics,BR01,Wien,2,1151,1703.48,2302
ORD1703,2023-07-20,Laptop,Accessories,BR02,Wien,2,1267,1875.16,2534
ORD1704,2023-07-31,Laptop,Accessories,BR01,Salzburg,2,1358,2118.48,2716
ORD1705,2023-08-08,Smartphone,Accessories,BR01,Salzburg,3,576,1244.1599999999999,1728
ORD1706,2023-08-28,Tablet,Accessories,BR03,München,1,573,355.26,573
ORD1707,2023-02-15,Keyboard,Accessories,BR03,München,1,662,410.44,662
ORD1708,2023-02-04,Monitor,Accessories,BR02,Wien,2,1229,1818.92,2458
ORD1709,2023-09-10,Monitor,Accessories,BR02,Salzburg,2,1413,1808.64,2826
ORD1710,2023-03-23,Keyboard,Electronics,BR03,Wien,2,174,233.16000000000003,348
ORD1711,2023-09-13,Mouse,Electronics,BR03,München,4,920,2576.0,3680
ORD1712,2023-07-16,Mouse,Electronics,BR01,München,2,329,394.8,658
ORD1713,2023-10-30,Laptop,Electronics,BR03,Wien,4,966,2511.6,3864
ORD1714,2023-01-10,Laptop,Electronics,BR02,München,1,671,456.28000000000003,671
ORD1715,2023-11-08,Tablet,Electronics,BR01,Wien,3,895,1772.1000000000001,2685
ORD1716,2023-10-13,Headphones,Electronics,BR02,Salzburg,3,723,1366.47,2169
ORD1717,2023-08-30,Smartphone,Accessories,BR01,Wien,3,1201,2702.25,3603
ORD1718,2023-09-08,Laptop,Accessories,BR03,Salzburg,3,363,827.64,1089
ORD1719,2023-12-31,Monitor,Accessories,BR02,Salzburg,4,381,990.6,1524
ORD1720,2023-01-05,Tablet,Accessories,BR01,München,4,1223,3669.0,4892
ORD1721,2023-04-29,Smartphone,Electronics,BR01,München,2,85,115.60000000000001,170
ORD1722,2023-10-16,Tablet,Electronics,BR03,München,4,1493,4180.4,5972
ORD1723,2023-03-06,Smartphone,Accessories,BR03,Wien,2,1095,1686.3,2190
ORD1724,2023-05-26,Smartphone,Accessories,BR03,Wien,2,255,382.5,510
ORD1725,2023-08-12,Keyboard,Electronics,BR02,München,3,688,1568.64,2064
ORD1726,2023-08-27,Laptop,Accessories,BR01,Wien,4,897,2260.44,3588
ORD1727,2023-06-26,Tablet,Accessories,BR03,München,4,1429,3486.7599999999998,5716
ORD1728,2023-09-24,Tablet,Accessories,BR02,Wien,2,489,762.84,978
ORD1729,2023-12-07,Keyboard,Accessories,BR02,Salzburg,2,778,1058.0800000000002,1556
ORD1730,2023-10-09,Monitor,Electronics,BR02,Salzburg,1,1169,771.5400000000001,1169
ORD1731,2023-03-04,Monitor,Accessories,BR03,München,1,990,732.6,990
ORD1732,2023-08-05,Mouse,Accessories,BR03,Wien,2,213,328.02,426
ORD1733,2023-12-08,Laptop,Electronics,BR01,Wien,1,197,151.69,197
ORD1734,2023-11-11,Laptop,Electronics,BR01,Salzburg,1,343,226.38000000000002,343
ORD1735,2023-10-10,Headphones,Accessories,BR03,Salzburg,2,244,375.76,488
ORD1736,2023-06-26,Keyboard,Electronics,BR02,München,2,712,868.64,1424
ORD1737,2023-04-08,Monitor,Accessories,BR02,Salzburg,4,529,1290.76,2116
ORD1738,2023-04-15,Smartphone,Accessories,BR02,München,2,172,247.67999999999998,344
ORD1739,2023-04-09,Tablet,Electronics,BR01,Salzburg,2,1473,1797.06,2946
ORD1740,2023-11-07,Laptop,Accessories,BR02,Salzburg,3,748,1481.04,2244
ORD1741,2023-01-06,Tablet,Accessories,BR01,Wien,4,1014,2960.88,4056
ORD1742,2023-07-16,Tablet,Accessories,BR01,Salzburg,4,710,1902.8000000000002,2840
ORD1743,2023-12-17,Headphones,Accessories,BR02,Salzburg,4,1177,3013.12,4708
ORD1744,2023-05-13,Monitor,Electronics,BR02,München,3,759,1502.8200000000002,2277
ORD1745,2023-12-24,Laptop,Electronics,BR03,Salzburg,2,445,614.0999999999999,890
ORD1746,2023-09-16,Tablet,Accessories,BR03,München,4,961,2690.7999999999997,3844
ORD1747,2023-01-23,Laptop,Electronics,BR02,Salzburg,4,1410,4286.4,5640
ORD1748,2023-02-22,Smartphone,Accessories,BR01,Salzburg,1,1054,790.5,1054
ORD1749,2023-06-14,Headphones,Accessories,BR01,München,4,1215,3353.3999999999996,4860
ORD1750,2023-07-21,Smartphone,Accessories,BR01,Wien,2,366,563.64,732
ORD1751,2023-03-24,Laptop,Accessories,BR01,München,2,1474,1827.76,2948
ORD1752,2023-05-25,Mouse,Accessories,BR01,München,1,730,474.5,730
ORD1753,2023-03-26,Laptop,Electronics,BR03,München,4,1383,4259.64,5532
ORD1754,2023-03-19,Monitor,Accessories,BR02,Wien,4,544,1479.68,2176
ORD1755,2023-01-01,Tablet,Electronics,BR03,Salzburg,4,605,1936.0,2420
ORD1756,2023-02-20,Tablet,Electronics,BR01,München,3,659,1364.1299999999999,1977
ORD1757,2023-06-22,Smartphone,Accessories,BR01,München,4,158,480.32,632
ORD1758,2023-07-24,Headphones,Accessories,BR01,Wien,2,421,572.5600000000001,842
ORD1759,2023-09-17,Mouse,Accessories,BR01,München,2,904,1229.44,1808
ORD1760,2023-10-15,Keyboard,Accessories,BR02,Salzburg,3,665,1356.6000000000001,1995
ORD1761,2023-02-03,Tablet,Accessories,BR01,Wien,3,817,1813.74,2451
ORD1762,2023-12-14,Monitor,Electronics,BR02,Salzburg,4,255,724.1999999999999,1020
ORD1763,2023-04-05,Smartphone,Accessories,BR01,Salzburg,1,896,707.84,896
ORD1764,2023-03-13,Smartphone,Accessories,BR02,Wien,3,92,179.4,276
ORD1765,2023-02-08,Keyboard,Electronics,BR03,München,3,914,1700.04,2742
ORD1766,2023-06-03,Monitor,Electronics,BR01,Salzburg,4,1318,3584.96,5272
ORD1767,2023-09-07,Headphones,Accessories,BR02,Salzburg,4,1360,3916.7999999999997,5440
ORD1768,2023-06-11,Monitor,Electronics,BR03,Salzburg,3,1428,3298.6800000000003,4284
ORD1769,2023-04-28,Headphones,Accessories,BR01,Salzburg,1,834,558.7800000000001,834
ORD1770,2023-09-16,Monitor,Electronics,BR01,Wien,3,525,1149.75,1575
ORD1771,2023-11-02,Monitor,Electronics,BR01,Wien,4,132,353.76000000000005,528
ORD1772,2023-09-25,Laptop,Accessories,BR02,Salzburg,4,1183,3407.04,4732
ORD1773,2023-02-23,Smartphone,Electronics,BR02,München,3,239,559.26,717
ORD1774,2023-08-24,Monitor,Electronics,BR03,Salzburg,1,849,551.85,849
ORD1775,2023-08-10,Keyboard,Electronics,BR02,München,3,985,2009.4,2955
ORD1776,2023-09-08,Monitor,Electronics,BR02,Salzburg,3,300,720.0,900
ORD1777,2023-11-09,Tablet,Electronics,BR01,München,4,340,1047.2,1360
ORD1778,2023-04-22,Smartphone,Electronics,BR01,Salzburg,1,1274,904.54,1274
ORD1779,2023-09-12,Tablet,Accessories,BR01,München,2,375,525.0,750
ORD1780,2023-10-30,Smartphone,Accessories,BR01,Salzburg,1,1482,978.12,1482
ORD1781,2023-07-26,Tablet,Electronics,BR01,Salzburg,3,886,1860.6,2658
ORD1782,2023-08-17,Monitor,Accessories,BR01,München,3,557,1286.67,1671
ORD1783,2023-12-07,Monitor,Accessories,BR01,Wien,3,780,1731.6,2340
ORD1784,2023-03-07,Laptop,Accessories,BR03,München,1,121,79.86,121
ORD1785,2023-03-16,Keyboard,Electronics,BR03,Wien,4,1320,3379.2000000000003,5280
ORD1786,2023-04-13,Tablet,Accessories,BR03,Salzburg,3,690,1345.5,2070
ORD1787,2023-07-11,Headphones,Electronics,BR03,München,3,989,1869.21,2967
ORD1788,2023-09-09,Laptop,Accessories,BR01,München,1,657,407.34,657
ORD1789,2023-08-14,Tablet,Electronics,BR03,München,2,615,836.4000000000001,1230
ORD1790,2023-10-21,Tablet,Electronics,BR01,Wien,2,1417,1757.08,2834
ORD1791,2023-11-02,Laptop,Accessories,BR03,Wien,4,103,259.56,412
ORD1792,2023-04-08,Monitor,Accessories,BR02,Salzburg,4,577,1638.6799999999998,2308
ORD1793,2023-12-04,Tablet,Electronics,BR03,Wien,3,660,1247.4,1980
ORD1794,2023-10-13,Monitor,Accessories,BR03,Wien,1,242,147.62,242
ORD1795,2023-12-01,Laptop,Accessories,BR01,Salzburg,3,107,211.86,321
ORD1796,2023-12-13,Monitor,Accessories,BR03,München,4,1184,3031.04,4736
ORD1797,2023-11-04,Smartphone,Electronics,BR02,München,1,178,124.6,178
ORD1798,2023-09-06,Headphones,Electronics,BR01,Salzburg,1,755,468.1,755
ORD1799,2023-06-15,Mouse,Accessories,BR01,München,4,901,2703.0,3604
ORD1800,2023-12-01,Tablet,Accessories,BR03,Wien,2,1399,2182.44,2798
ORD1801,2023-01-30,Keyboard,Accessories,BR01,Salzburg,2,57,85.5,114
ORD1802,2023-09-04,Headphones,Electronics,BR01,Salzburg,1,78,55.379999999999995,78
ORD1803,2023-04-16,Mouse,Electronics,BR01,Salzburg,3,1185,2737.35,3555
ORD1804,2023-02-20,Monitor,Accessories,BR01,München,2,996,1474.08,1992
ORD1805,2023-03-22,Tablet,Accessories,BR01,Salzburg,3,180,324.0,540
ORD1806,2023-05-13,Monitor,Accessories,BR01,Salzburg,2,237,322.32000000000005,474
ORD1807,2023-10-12,Smartphone,Accessories,BR02,Salzburg,2,758,1167.32,1516
ORD1808,2023-05-18,Laptop,Accessories,BR03,München,3,1437,2888.3700000000003,4311
ORD1809,2023-07-03,Tablet,Accessories,BR02,Wien,4,1277,3115.88,5108
ORD1810,2023-11-26,Mouse,Electronics,BR01,Salzburg,2,261,391.5,522
ORD1811,2023-09-30,Mouse,Accessories,BR01,Wien,2,325,494.0,650
ORD1812,2023-12-06,Smartphone,Electronics,BR03,München,3,1146,2165.94,3438
ORD1813,2023-03-10,Smartphone,Accessories,BR02,München,4,292,829.28,1168
ORD1814,2023-02-03,Tablet,Accessories,BR03,München,2,1175,1504.0,2350
ORD1815,2023-09-19,Monitor,Electronics,BR02,München,2,1036,1533.28,2072
ORD1816,2023-02-22,Keyboard,Electronics,BR01,Wien,4,734,1908.4,2936
ORD1817,2023-07-24,Mouse,Electronics,BR03,Salzburg,2,220,290.40000000000003,440
ORD1818,2023-05-06,Mouse,Electronics,BR03,München,4,702,2162.16,2808
ORD1819,2023-08-23,Smartphone,Accessories,BR01,München,4,237,663.5999999999999,948
ORD1820,2023-02-12,Headphones,Electronics,BR03,Wien,3,1159,2538.21,3477
ORD1821,2023-08-28,Smartphone,Accessories,BR02,Wien,1,101,68.68,101
ORD1822,2023-04-21,Keyboard,Electronics,BR02,München,4,160,422.40000000000003,640
ORD1823,2023-09-06,Monitor,Accessories,BR02,Salzburg,3,926,2027.94,2778
ORD1824,2023-05-31,Monitor,Accessories,BR02,Salzburg,1,1116,703.08,1116
ORD1825,2023-07-02,Headphones,Accessories,BR01,München,2,260,348.40000000000003,520
ORD1826,2023-12-02,Mouse,Accessories,BR03,Wien,1,1273,814.72,1273
ORD1827,2023-04-05,Smartphone,Accessories,BR02,München,4,907,2684.72,3628
ORD1828,2023-01-08,Monitor,Accessories,BR01,München,4,676,2136.1600000000003,2704
ORD1829,2023-12-26,Keyboard,Electronics,BR03,Wien,4,1099,3516.8,4396
ORD1830,2023-07-03,Tablet,Accessories,BR03,München,4,348,960.4799999999999,1392
ORD1831,2023-10-08,Laptop,Electronics,BR01,München,4,1150,2990.0,4600
ORD1832,2023-07-14,Laptop,Electronics,BR01,München,3,973,2014.11,2919
ORD1833,2023-12-18,Laptop,Accessories,BR02,Wien,4,186,572.88,744
ORD1834,2023-07-14,Mouse,Electronics,BR03,Salzburg,3,1093,2098.56,3279
ORD1835,2023-06-04,Smartphone,Accessories,BR03,Salzburg,2,489,772.62,978
ORD1836,2023-04-03,Headphones,Electronics,BR01,Wien,4,260,696.8000000000001,1040
ORD1837,2023-06-09,Monitor,Accessories,BR03,Salzburg,4,801,2563.2000000000003,3204
ORD1838,2023-03-02,Tablet,Electronics,BR02,München,1,484,372.68,484
ORD1839,2023-05-02,Keyboard,Accessories,BR03,Salzburg,2,829,1260.08,1658
ORD1840,2023-02-20,Tablet,Accessories,BR01,München,4,1280,3379.2000000000003,5120
ORD1841,2023-10-04,Keyboard,Accessories,BR01,Salzburg,4,488,1171.2,1952
ORD1842,2023-01-05,Mouse,Accessories,BR02,Wien,2,715,972.4000000000001,1430
ORD1843,2023-04-02,Smartphone,Electronics,BR02,Salzburg,3,1115,2207.7000000000003,3345
ORD1844,2023-06-19,Laptop,Accessories,BR03,Salzburg,4,460,1122.3999999999999,1840
ORD1845,2023-11-13,Smartphone,Electronics,BR03,Salzburg,1,855,598.5,855
ORD1846,2023-01-22,Mouse,Electronics,BR01,Wien,4,659,1792.48,2636
ORD1847,2023-11-22,Headphones,Electronics,BR02,Salzburg,1,476,347.48,476
ORD1848,2023-01-01,Headphones,Accessories,BR02,Wien,1,1348,970.56,1348
ORD1849,2023-05-13,Mouse,Electronics,BR02,München,4,951,2358.48,3804
ORD1850,2023-08-21,Keyboard,Electronics,BR03,Salzburg,4,991,3171.2000000000003,3964
ORD1851,2023-01-12,Monitor,Electronics,BR02,Wien,1,791,506.24,791
ORD1852,2023-12-12,Monitor,Accessories,BR01,Wien,2,1442,1989.9599999999998,2884
ORD1853,2023-02-15,Keyboard,Accessories,BR01,Salzburg,2,1293,1810.1999999999998,2586
ORD1854,2023-02-03,Headphones,Electronics,BR03,München,4,1305,3967.2000000000003,5220
ORD1855,2023-03-19,Headphones,Accessories,BR03,Wien,3,377,701.22,1131
ORD1856,2023-08-06,Headphones,Accessories,BR02,Salzburg,2,101,139.38,202
ORD1857,2023-10-28,Smartphone,Electronics,BR03,München,4,425,1241.0,1700
ORD1858,2023-03-14,Headphones,Electronics,BR01,Wien,2,312,399.36,624
ORD1859,2023-10-09,Tablet,Accessories,BR02,Wien,3,316,692.04,948
ORD1860,2023-09-06,Laptop,Electronics,BR01,München,4,408,1272.96,1632
ORD1861,2023-02-16,Headphones,Accessories,BR02,München,3,1390,3336.0,4170
ORD1862,2023-05-01,Keyboard,Accessories,BR03,Salzburg,4,1397,3408.68,5588
ORD1863,2023-08-02,Laptop,Accessories,BR02,Salzburg,3,701,1366.95,2103
ORD1864,2023-08-27,Smartphone,Accessories,BR02,Wien,2,1494,1972.0800000000002,2988
ORD1865,2023-02-25,Keyboard,Accessories,BR01,München,2,95,129.20000000000002,190
ORD1866,2023-12-16,Laptop,Accessories,BR01,München,3,649,1265.55,1947
ORD1867,2023-04-17,Keyboard,Electronics,BR02,München,3,769,1476.48,2307
ORD1868,2023-11-15,Smartphone,Electronics,BR03,Wien,3,1342,3180.54,4026
ORD1869,2023-02-17,Tablet,Accessories,BR03,München,4,650,2028.0,2600
ORD1870,2023-03-02,Smartphone,Accessories,BR01,München,2,430,524.6,860
ORD1871,2023-12-03,Smartphone,Accessories,BR03,Wien,4,167,447.56,668
ORD1872,2023-01-26,Keyboard,Electronics,BR01,Salzburg,2,165,224.4,330
ORD1873,2023-10-19,Mouse,Accessories,BR03,Salzburg,1,309,200.85,309
ORD1874,2023-09-14,Monitor,Electronics,BR02,Wien,4,1148,3352.16,4592
ORD1875,2023-01-08,Headphones,Accessories,BR01,München,2,354,516.84,708
ORD1876,2023-04-23,Headphones,Accessories,BR01,Wien,2,56,86.24000000000001,112
ORD1877,2023-12-21,Tablet,Electronics,BR02,Salzburg,4,415,1245.0,1660
ORD1878,2023-09-10,Tablet,Electronics,BR01,Salzburg,4,572,1624.48,2288
ORD1879,2023-06-29,Headphones,Accessories,BR03,Wien,2,1421,2074.66,2842
ORD1880,2023-07-26,Monitor,Accessories,BR03,Wien,4,1288,3348.8,5152
ORD1881,2023-10-30,Headphones,Accessories,BR01,Salzburg,3,478,1032.48,1434
ORD1882,2023-05-07,Mouse,Electronics,BR03,Wien,4,840,2352.0,3360
ORD1883,2023-02-25,Monitor,Electronics,BR01,Salzburg,4,796,2005.92,3184
ORD1884,2023-08-02,Tablet,Electronics,BR02,Wien,4,416,1081.6000000000001,1664
ORD1885,2023-01-14,Laptop,Electronics,BR01,Wien,2,362,477.84000000000003,724
ORD1886,2023-01-28,Keyboard,Electronics,BR02,Wien,3,587,1373.5800000000002,1761
ORD1887,2023-03-19,Mouse,Electronics,BR03,Salzburg,1,970,630.5,970
ORD1888,2023-08-04,Mouse,Accessories,BR02,Wien,1,1127,743.82,1127
ORD1889,2023-12-31,Tablet,Accessories,BR03,Salzburg,3,914,1837.14,2742
ORD1890,2023-06-03,Tablet,Electronics,BR01,Salzburg,3,1237,2709.0299999999997,3711
ORD1891,2023-01-14,Smartphone,Accessories,BR03,Wien,3,831,1545.66,2493
ORD1892,2023-07-06,Mouse,Accessories,BR01,Wien,2,383,605.14,766
ORD1893,2023-11-08,Smartphone,Electronics,BR01,Salzburg,1,847,652.19,847
ORD1894,2023-01-07,Smartphone,Accessories,BR02,Salzburg,3,397,857.52,1191
ORD1895,2023-01-03,Keyboard,Electronics,BR02,München,2,322,470.12,644
ORD1896,2023-04-21,Smartphone,Electronics,BR02,Salzburg,1,1012,607.1999999999999,1012
ORD1897,2023-08-26,Monitor,Accessories,BR02,München,4,769,2060.92,3076
ORD1898,2023-12-29,Headphones,Electronics,BR03,München,2,1487,2260.2400000000002,2974
ORD1899,2023-08-27,Laptop,Electronics,BR03,München,1,549,340.38,549
ORD1900,2023-10-01,Tablet,Electronics,BR03,Wien,2,1166,1539.1200000000001,2332
ORD1901,2023-10-21,Monitor,Electronics,BR01,Wien,1,734,528.48,734
ORD1902,2023-08-15,Laptop,Electronics,BR03,Salzburg,1,128,83.2,128
ORD1903,2023-01-15,Mouse,Electronics,BR03,München,4,671,2120.36,2684
ORD1904,2023-07-11,Mouse,Electronics,BR03,Wien,2,1290,1625.4,2580
ORD1905,2023-04-29,Mouse,Electronics,BR02,Wien,3,996,2270.88,2988
ORD1906,2023-01-28,Monitor,Accessories,BR03,Wien,4,407,1139.6,1628
ORD1907,2023-07-21,Monitor,Accessories,BR01,Wien,4,667,2001.0,2668
ORD1908,2023-02-08,Tablet,Accessories,BR02,Wien,1,556,366.96000000000004,556
ORD1909,2023-09-30,Headphones,Electronics,BR01,München,3,1254,2633.3999999999996,3762
ORD1910,2023-08-19,Smartphone,Electronics,BR03,München,2,625,962.5,1250
ORD1911,2023-03-27,Mouse,Accessories,BR02,München,3,1319,2730.33,3957
ORD1912,2023-05-06,Keyboard,Accessories,BR01,München,3,293,588.9300000000001,879
ORD1913,2023-10-27,Headphones,Accessories,BR03,Salzburg,3,555,1182.1499999999999,1665
ORD1914,2023-01-25,Keyboard,Electronics,BR01,München,3,471,1045.62,1413
ORD1915,2023-05-25,Tablet,Accessories,BR01,Wien,3,1393,2883.5099999999998,4179
ORD1916,2023-01-13,Tablet,Accessories,BR01,München,1,1160,916.4000000000001,1160
ORD1917,2023-07-31,Tablet,Electronics,BR03,Salzburg,1,266,175.56,266
ORD1918,2023-01-25,Laptop,Accessories,BR03,Wien,4,1351,3782.7999999999997,5404
ORD1919,2023-03-09,Keyboard,Electronics,BR01,München,1,1058,793.5,1058
ORD1920,2023-03-08,Headphones,Electronics,BR02,München,4,1242,3676.32,4968
ORD1921,2023-08-21,Headphones,Electronics,BR02,München,4,379,1167.32,1516
ORD1922,2023-04-19,Monitor,Accessories,BR03,Wien,2,699,1118.4,1398
ORD1923,2023-05-26,Monitor,Accessories,BR03,Wien,3,440,910.8,1320
ORD1924,2023-04-21,Mouse,Electronics,BR03,Salzburg,1,430,266.6,430
ORD1925,2023-08-16,Monitor,Accessories,BR03,Wien,2,1379,1682.3799999999999,2758
ORD1926,2023-04-21,Tablet,Accessories,BR03,Wien,1,791,593.25,791
ORD1927,2023-02-03,Headphones,Accessories,BR02,München,4,869,2676.52,3476
ORD1928,2023-04-21,Keyboard,Accessories,BR03,Wien,1,722,462.08,722
ORD1929,2023-09-21,Tablet,Electronics,BR01,München,3,562,1062.18,1686
ORD1930,2023-08-24,Laptop,Accessories,BR01,München,4,998,2435.12,3992
ORD1931,2023-03-24,Monitor,Electronics,BR02,Wien,4,1261,3833.44,5044
ORD1932,2023-02-11,Tablet,Electronics,BR01,Salzburg,2,979,1292.28,1958
ORD1933,2023-04-11,Tablet,Accessories,BR02,Salzburg,3,962,1962.4800000000002,2886
ORD1934,2023-01-06,Laptop,Electronics,BR02,Wien,4,693,1940.3999999999999,2772
ORD1935,2023-06-29,Smartphone,Accessories,BR01,Salzburg,3,476,1099.56,1428
ORD1936,2023-10-09,Headphones,Accessories,BR03,München,1,551,402.23,551
ORD1937,2023-11-16,Keyboard,Electronics,BR01,München,3,779,1682.6399999999999,2337
ORD1938,2023-08-14,Mouse,Electronics,BR01,Wien,4,1333,3412.48,5332
ORD1939,2023-11-11,Smartphone,Electronics,BR02,Salzburg,2,120,168.0,240
ORD1940,2023-12-31,Monitor,Electronics,BR01,Salzburg,4,527,1559.92,2108
ORD1941,2023-08-17,Tablet,Accessories,BR02,München,3,1251,2964.8700000000003,3753
ORD1942,2023-10-16,Laptop,Accessories,BR03,Wien,3,506,971.52,1518
ORD1943,2023-05-30,Laptop,Accessories,BR03,Salzburg,4,238,571.1999999999999,952
ORD1944,2023-10-04,Headphones,Electronics,BR03,Wien,3,340,632.4,1020
ORD1945,2023-07-17,Smartphone,Electronics,BR01,Salzburg,1,969,658.9200000000001,969
ORD1946,2023-03-11,Mouse,Electronics,BR02,München,4,341,1036.64,1364
ORD1947,2023-04-22,Headphones,Accessories,BR03,München,2,805,966.0,1610
ORD1948,2023-01-04,Tablet,Electronics,BR02,Wien,4,1356,3742.5599999999995,5424
ORD1949,2023-12-16,Headphones,Accessories,BR02,München,1,426,285.42,426
ORD1950,2023-11-27,Keyboard,Electronics,BR03,Salzburg,1,1229,749.6899999999999,1229
ORD1951,2023-11-14,Laptop,Accessories,BR03,München,1,557,384.33,557
ORD1952,2023-12-16,Laptop,Accessories,BR02,Wien,1,1486,965.9,1486
ORD1953,2023-04-05,Monitor,Electronics,BR03,Wien,1,577,386.59000000000003,577
ORD1954,2023-06-01,Monitor,Electronics,BR02,Wien,2,1428,2113.44,2856
ORD1955,2023-11-07,Mouse,Accessories,BR02,Salzburg,3,608,1276.8,1824
ORD1956,2023-05-17,Tablet,Accessories,BR03,Salzburg,1,1260,781.2,1260
ORD1957,2023-09-04,Keyboard,Electronics,BR01,Salzburg,1,1104,872.1600000000001,1104
ORD1958,2023-08-31,Smartphone,Electronics,BR03,Salzburg,4,309,902.28,1236
ORD1959,2023-01-31,Headphones,Accessories,BR01,Salzburg,2,470,705.0,940
ORD1960,2023-02-09,Mouse,Electronics,BR02,München,2,353,437.71999999999997,706
ORD1961,2023-08-17,Tablet,Accessories,BR02,Salzburg,3,991,1813.53,2973
ORD1962,2023-02-05,Monitor,Accessories,BR01,Salzburg,2,1112,1334.3999999999999,2224
ORD1963,2023-08-11,Headphones,Electronics,BR02,München,4,591,1512.96,2364
ORD1964,2023-01-06,Monitor,Electronics,BR01,Salzburg,4,1351,3674.7200000000003,5404
ORD1965,2023-11-18,Headphones,Electronics,BR01,Wien,3,1276,3024.1200000000003,3828
ORD1966,2023-08-08,Smartphone,Electronics,BR02,Salzburg,4,1139,3143.64,4556
ORD1967,2023-03-16,Tablet,Electronics,BR01,Salzburg,1,157,103.62,157
ORD1968,2023-01-04,Headphones,Accessories,BR03,Wien,1,317,225.07,317
ORD1969,2023-12-01,Keyboard,Accessories,BR03,Wien,4,271,672.08,1084
ORD1970,2023-05-14,Mouse,Electronics,BR02,Wien,3,1163,2512.08,3489
ORD1971,2023-04-28,Laptop,Electronics,BR02,Wien,2,742,1053.6399999999999,1484
ORD1972,2023-04-04,Keyboard,Electronics,BR01,Salzburg,3,304,693.12,912
ORD1973,2023-03-03,Keyboard,Accessories,BR01,Wien,2,302,483.20000000000005,604
ORD1974,2023-07-13,Mouse,Electronics,BR01,Wien,4,306,795.6,1224
ORD1975,2023-12-01,Laptop,Electronics,BR01,München,4,432,1209.6,1728
ORD1976,2023-07-22,Keyboard,Accessories,BR03,Wien,1,491,382.98,491
ORD1977,2023-01-26,Headphones,Accessories,BR03,Wien,2,648,984.96,1296
ORD1978,2023-06-22,Headphones,Electronics,BR02,München,3,1163,2442.2999999999997,3489
ORD1979,2023-10-27,Headphones,Electronics,BR01,München,4,439,1387.24,1756
ORD1980,2023-05-13,Laptop,Electronics,BR01,Salzburg,3,631,1154.73,1893
ORD1981,2023-11-22,Keyboard,Accessories,BR02,München,1,1117,882.4300000000001,1117
ORD1982,2023-04-28,Laptop,Electronics,BR01,Salzburg,2,647,789.34,1294
ORD1983,2023-11-20,Headphones,Electronics,BR01,München,2,68,96.56,136
ORD1984,2023-10-02,Mouse,Electronics,BR01,München,4,1174,3662.88,4696
ORD1985,2023-07-31,Keyboard,Accessories,BR01,Salzburg,2,656,852.8000000000001,1312
ORD1986,2023-08-13,Keyboard,Accessories,BR01,München,4,1430,3946.7999999999997,5720
ORD1987,2023-01-20,Monitor,Electronics,BR02,Salzburg,1,82,54.120000000000005,82
ORD1988,2023-04-23,Monitor,Electronics,BR01,München,2,1302,2057.1600000000003,2604
ORD1989,2023-05-20,Smartphone,Accessories,BR02,Wien,4,911,2769.44,3644
ORD1990,2023-02-16,Tablet,Accessories,BR01,München,3,204,452.88,612
ORD1991,2023-01-01,Monitor,Accessories,BR03,Salzburg,4,1496,4308.48,5984
ORD1992,2023-03-31,Laptop,Accessories,BR03,München,2,954,1450.08,1908
ORD1993,2023-05-22,Monitor,Accessories,BR03,Salzburg,1,1319,896.9200000000001,1319
ORD1994,2023-11-16,Smartphone,Accessories,BR03,Salzburg,2,454,626.52,908
ORD1995,2023-02-07,Keyboard,Accessories,BR02,Wien,2,893,1339.5,1786
ORD1996,2023-10-20,Smartphone,Accessories,BR02,Wien,4,1234,3307.1200000000003,4936
ORD1997,2023-05-19,Keyboard,Accessories,BR01,Salzburg,3,796,1456.68,2388
ORD1998,2023-12-22,Mouse,Electronics,BR03,München,2,1190,1451.8,2380
ORD1999,2023-11-29,Mouse,Electronics,BR02,Salzburg,3,320,595.2,960
